parcel_id,fact_id,value,snapshot_id,licence_id,confidence,recorded_at,superseded_at
000f7927-4924-44e5-a08c-3196b7ce6e21,04c4233c-79cb-45ac-8854-34a476cd40b0,"""A(PD)""",ca_san_jose.zoning_districts:sha256:eae7823a22e72537d5738d473c6c8289e0e2af78e76be782ea5e432fdd5d04ba,cc_by_4_0_api_2026_08,high,2026-08-23 22:07:26.766016+00,
002547a5-07fd-412e-b1e5-a760adb8307d,1bab3ce8-2173-49b5-8e58-dfb26eb8eec9,"""R-1-5(PD)""",ca_san_jose.zoning_districts:sha256:eae7823a22e72537d5738d473c6c8289e0e2af78e76be782ea5e432fdd5d04ba,cc_by_4_0_api_2026_08,high,2026-08-23 22:07:26.766016+00,
00645d44-b9cd-427b-9a08-b9702c95d4c8,23f8d553-1704-4765-b246-513156ae2496,"""R-M(PD)""",ca_san_jose.zoning_districts:sha256:eae7823a22e72537d5738d473c6c8289e0e2af78e76be782ea5e432fdd5d04ba,cc_by_4_0_api_2026_08,high,2026-08-23 22:07:26.766016+00,
00acf8f9-32ab-4a73-b7d8-822ba7f1e08f,ec7bf7ef-82af-437d-a410-2da3c9644447,"""A(PD)""",ca_san_jose.zoning_districts:sha256:eae7823a22e72537d5738d473c6c8289e0e2af78e76be782ea5e432fdd5d04ba,cc_by_4_0_api_2026_08,high,2026-08-23 22:07:26.766016+00,
00e340f2-aaaa-4351-8409-a04e48d59895,ba5b2200-5313-4b19-9cb6-709d89e790f3,"""R-M(PD)""",ca_san_jose.zoning_districts:sha256:eae7823a22e72537d5738d473c6c8289e0e2af78e76be782ea5e432fdd5d04ba,cc_by_4_0_api_2026_08,high,2026-08-23 22:07:26.766016+00,
012b5bc5-3f84-4ce6-bc02-0704327d7e70,b06112ce-cf30-4a2f-94e3-a15638851116,"""R-M(CL)""",ca_san_jose.zoning_districts:sha256:eae7823a22e72537d5738d473c6c8289e0e2af78e76be782ea5e432fdd5d04ba,cc_by_4_0_api_2026_08,high,2026-08-23 22:07:26.766016+00,
01389407-4e94-43f7-84a0-819bf5bfbeb4,80943c32-42ac-4911-99ea-08315d608f38,"""A(PD)""",ca_san_jose.zoning_districts:sha256:eae7823a22e72537d5738d473c6c8289e0e2af78e76be782ea5e432fdd5d04ba,cc_by_4_0_api_2026_08,high,2026-08-23 22:07:26.766016+00,
01887d57-99c4-49d6-be78-1d576df99ac0,bde8b453-0478-4ae8-bee9-8b79ce733af7,"""A(PD)""",ca_san_jose.zoning_districts:sha256:eae7823a22e72537d5738d473c6c8289e0e2af78e76be782ea5e432fdd5d04ba,cc_by_4_0_api_2026_08,high,2026-08-23 22:07:26.766016+00,
01d3343a-100e-4d34-8288-50d6809384a1,3f933d04-5f0e-47fe-8670-82d5d128fbc9,"""A(PD)""",ca_san_jose.zoning_districts:sha256:eae7823a22e72537d5738d473c6c8289e0e2af78e76be782ea5e432fdd5d04ba,cc_by_4_0_api_2026_08,high,2026-08-23 22:07:26.766016+00,
0220f5b6-1bd7-41d5-bfb6-e51de4e3cbb1,2f19506c-4852-48a5-bc51-43f6e2973732,"""A(PD)""",ca_san_jose.zoning_districts:sha256:eae7823a22e72537d5738d473c6c8289e0e2af78e76be782ea5e432fdd5d04ba,cc_by_4_0_api_2026_08,high,2026-08-23 22:07:26.766016+00,
022c00b7-1a4a-47ca-9691-c5d523ccac00,5e0a0158-5db5-43a9-92a4-a5c38233589b,"""A(PD)""",ca_san_jose.zoning_districts:sha256:eae7823a22e72537d5738d473c6c8289e0e2af78e76be782ea5e432fdd5d04ba,cc_by_4_0_api_2026_08,high,2026-08-23 22:07:26.766016+00,
027668f7-d9ac-4193-b718-7f6e1f627e66,39bc8700-a312-421a-89c9-de274d95212a,"""R-1-1""",ca_san_jose.zoning_districts:sha256:eae7823a22e72537d5738d473c6c8289e0e2af78e76be782ea5e432fdd5d04ba,cc_by_4_0_api_2026_08,high,2026-08-23 22:07:26.766016+00,
03078ff1-cff9-4f2e-b9a0-66dab6137c9e,40879b88-0de7-4ab8-b78b-ae220ef4d2e7,"""A(PD)""",ca_san_jose.zoning_districts:sha256:eae7823a22e72537d5738d473c6c8289e0e2af78e76be782ea5e432fdd5d04ba,cc_by_4_0_api_2026_08,high,2026-08-23 22:07:26.766016+00,
033a3949-b95c-4513-a0ca-2226367fcb63,82c81d6c-efbd-4f1a-92a3-f7ebbe04d256,"""A(PD)""",ca_san_jose.zoning_districts:sha256:eae7823a22e72537d5738d473c6c8289e0e2af78e76be782ea5e432fdd5d04ba,cc_by_4_0_api_2026_08,high,2026-08-23 22:07:26.766016+00,
0355ffd0-5083-47d3-8add-a023560e36de,066a0db8-6f8d-4d0d-9c45-9a230e787818,"""A(PD)""",ca_san_jose.zoning_districts:sha256:eae7823a22e72537d5738d473c6c8289e0e2af78e76be782ea5e432fdd5d04ba,cc_by_4_0_api_2026_08,high,2026-08-23 22:07:26.766016+00,
035b9341-6b0c-4289-8da4-0b592f3f7e4c,befca223-cbbf-48d5-bce1-cf7f31087dbe,"""R-M(PD)""",ca_san_jose.zoning_districts:sha256:eae7823a22e72537d5738d473c6c8289e0e2af78e76be782ea5e432fdd5d04ba,cc_by_4_0_api_2026_08,high,2026-08-23 22:07:26.766016+00,
037d30b4-c046-47fd-b39b-00529cec1633,4cf00b47-8f27-4bf1-aaed-bd279b7e210e,"""A(PD)""",ca_san_jose.zoning_districts:sha256:eae7823a22e72537d5738d473c6c8289e0e2af78e76be782ea5e432fdd5d04ba,cc_by_4_0_api_2026_08,high,2026-08-23 22:07:26.766016+00,
038d441e-fcfb-4b2c-b56f-e7242e8b5de1,ae91faf1-538e-46e6-8484-c7c56bcfc66e,"""A(PD)""",ca_san_jose.zoning_districts:sha256:eae7823a22e72537d5738d473c6c8289e0e2af78e76be782ea5e432fdd5d04ba,cc_by_4_0_api_2026_08,high,2026-08-23 22:07:26.766016+00,
0419ae2c-66c8-4709-8c53-8c6fb489ab2c,f2d4a640-151c-4045-aa15-068a3ab6c70f,"""A(PD)""",ca_san_jose.zoning_districts:sha256:eae7823a22e72537d5738d473c6c8289e0e2af78e76be782ea5e432fdd5d04ba,cc_by_4_0_api_2026_08,high,2026-08-23 22:07:26.766016+00,
04351067-6024-4873-960e-b930e3855ee4,93a408d0-8edf-4018-9b8e-2fe0b2f823cf,"""A(PD)""",ca_san_jose.zoning_districts:sha256:eae7823a22e72537d5738d473c6c8289e0e2af78e76be782ea5e432fdd5d04ba,cc_by_4_0_api_2026_08,high,2026-08-23 22:07:26.766016+00,
0467b8e4-0a9f-4d38-8b46-0250fafc6332,f2ac2eaa-2f8a-43bb-9c30-baa508099663,"""OS""",ca_san_jose.zoning_districts:sha256:eae7823a22e72537d5738d473c6c8289e0e2af78e76be782ea5e432fdd5d04ba,cc_by_4_0_api_2026_08,high,2026-08-23 22:07:26.766016+00,
04f44112-f254-4b70-a3b8-f0dbfa3534c8,78dfefd5-3c71-4c67-948f-695172516a60,"""IP(PD)""",ca_san_jose.zoning_districts:sha256:eae7823a22e72537d5738d473c6c8289e0e2af78e76be782ea5e432fdd5d04ba,cc_by_4_0_api_2026_08,high,2026-08-23 22:07:26.766016+00,
056a2f1a-787f-4c3f-bce3-8d199f842f58,d91848ae-3935-43cf-9779-356a361720fe,"""A(PD)""",ca_san_jose.zoning_districts:sha256:eae7823a22e72537d5738d473c6c8289e0e2af78e76be782ea5e432fdd5d04ba,cc_by_4_0_api_2026_08,high,2026-08-23 22:07:26.766016+00,
056c33b3-c9b2-495e-9012-1497737a65ce,b7542629-0058-421c-a798-58ca562657f0,"""A(PD)""",ca_san_jose.zoning_districts:sha256:eae7823a22e72537d5738d473c6c8289e0e2af78e76be782ea5e432fdd5d04ba,cc_by_4_0_api_2026_08,high,2026-08-23 22:07:26.766016+00,
0578c00a-890d-4ba6-b178-c3d73eaead3b,9c3856a1-973a-4de6-a956-5943cba17024,"""A(PD)""",ca_san_jose.zoning_districts:sha256:eae7823a22e72537d5738d473c6c8289e0e2af78e76be782ea5e432fdd5d04ba,cc_by_4_0_api_2026_08,high,2026-08-23 22:07:26.766016+00,
05a26380-4667-4ab4-b40f-424a9fa3cd9b,15f75aa6-3bb9-4e97-a182-ca5fad01fdd9,"""A(PD)""",ca_san_jose.zoning_districts:sha256:eae7823a22e72537d5738d473c6c8289e0e2af78e76be782ea5e432fdd5d04ba,cc_by_4_0_api_2026_08,high,2026-08-23 22:07:26.766016+00,
05b532f7-9d09-4916-a571-0366955743b4,62992050-f41a-4e42-9b2d-ba52795947d2,"""A(PD)""",ca_san_jose.zoning_districts:sha256:eae7823a22e72537d5738d473c6c8289e0e2af78e76be782ea5e432fdd5d04ba,cc_by_4_0_api_2026_08,high,2026-08-23 22:07:26.766016+00,
05c329fc-f51f-4130-b522-82ce6befb8da,1969c354-1495-4926-8d53-7826aa1cf791,"""A(PD)""",ca_san_jose.zoning_districts:sha256:eae7823a22e72537d5738d473c6c8289e0e2af78e76be782ea5e432fdd5d04ba,cc_by_4_0_api_2026_08,high,2026-08-23 22:07:26.766016+00,
05e30d44-ac1b-44de-b14d-07876d72aab7,fd95bfcd-0a2b-4402-a437-5b811fc4830e,"""A(PD)""",ca_san_jose.zoning_districts:sha256:eae7823a22e72537d5738d473c6c8289e0e2af78e76be782ea5e432fdd5d04ba,cc_by_4_0_api_2026_08,high,2026-08-23 22:07:26.766016+00,
063e4a9b-a740-41d4-9f5d-c36b51fa24da,ea21f1e1-aced-4f39-b48d-8405689ea709,"""R-1-8(PD)""",ca_san_jose.zoning_districts:sha256:eae7823a22e72537d5738d473c6c8289e0e2af78e76be782ea5e432fdd5d04ba,cc_by_4_0_api_2026_08,high,2026-08-23 22:07:26.766016+00,
069ff9c8-16ff-4d9b-a1fb-f742acafbf6c,880e0b14-d166-4f73-8bbf-4bfe4b05d7c0,"""R-M(PD)""",ca_san_jose.zoning_districts:sha256:eae7823a22e72537d5738d473c6c8289e0e2af78e76be782ea5e432fdd5d04ba,cc_by_4_0_api_2026_08,high,2026-08-23 22:07:26.766016+00,
070f9cd2-46b0-4e6f-84d5-45d09c103f17,e7c593aa-f91e-4a35-a460-627cc1df3a4b,"""A(PD)""",ca_san_jose.zoning_districts:sha256:eae7823a22e72537d5738d473c6c8289e0e2af78e76be782ea5e432fdd5d04ba,cc_by_4_0_api_2026_08,high,2026-08-23 22:07:26.766016+00,
0711b633-5955-4487-939e-0b18cf692d0c,28205285-4d51-462b-bc8f-5b25761cdc76,"""R-1-8(PD)""",ca_san_jose.zoning_districts:sha256:eae7823a22e72537d5738d473c6c8289e0e2af78e76be782ea5e432fdd5d04ba,cc_by_4_0_api_2026_08,high,2026-08-23 22:07:26.766016+00,
07277e11-a1a4-499c-8c49-49738627ce2f,76d3c945-58fc-4e65-bb48-8d5615c48380,"""CP(PD)""",ca_san_jose.zoning_districts:sha256:eae7823a22e72537d5738d473c6c8289e0e2af78e76be782ea5e432fdd5d04ba,cc_by_4_0_api_2026_08,high,2026-08-23 22:07:26.766016+00,
0748fb94-80ec-459d-8852-766918da07a9,9ab27f41-ca97-48c5-8854-5e70a1c77fa1,"""A(PD)""",ca_san_jose.zoning_districts:sha256:eae7823a22e72537d5738d473c6c8289e0e2af78e76be782ea5e432fdd5d04ba,cc_by_4_0_api_2026_08,high,2026-08-23 22:07:26.766016+00,
07961422-8c0c-47e9-9f93-120963457dd7,281122de-f7f8-4d0c-af27-a50216cfb233,"""A(PD)""",ca_san_jose.zoning_districts:sha256:eae7823a22e72537d5738d473c6c8289e0e2af78e76be782ea5e432fdd5d04ba,cc_by_4_0_api_2026_08,high,2026-08-23 22:07:26.766016+00,
07c14067-5b74-4fc7-9a11-9adf929ea121,7bed6908-e7ae-4695-9944-08479a39579f,"""CG""",ca_san_jose.zoning_districts:sha256:eae7823a22e72537d5738d473c6c8289e0e2af78e76be782ea5e432fdd5d04ba,cc_by_4_0_api_2026_08,high,2026-08-23 22:07:26.766016+00,
08401834-2042-45d0-9c11-a02481e40b93,b10a8038-c2a6-48f3-b52e-7e304cf9a9a5,"""OS""",ca_san_jose.zoning_districts:sha256:eae7823a22e72537d5738d473c6c8289e0e2af78e76be782ea5e432fdd5d04ba,cc_by_4_0_api_2026_08,high,2026-08-23 22:07:26.766016+00,
084ab0a3-ad0e-4d24-a40f-4a377519e25b,1a9039af-5faa-495d-8917-8cd872ff8417,"""A(PD)""",ca_san_jose.zoning_districts:sha256:eae7823a22e72537d5738d473c6c8289e0e2af78e76be782ea5e432fdd5d04ba,cc_by_4_0_api_2026_08,high,2026-08-23 22:07:26.766016+00,
08b73fd1-8851-472f-9812-01e028c9d4e1,b45c598a-b902-4d9c-8458-c60cd445a4cc,"""HI""",ca_san_jose.zoning_districts:sha256:eae7823a22e72537d5738d473c6c8289e0e2af78e76be782ea5e432fdd5d04ba,cc_by_4_0_api_2026_08,high,2026-08-23 22:07:26.766016+00,
09396c1f-4c6c-4f9b-97c9-672c75052eec,c93ede67-b595-4715-89c8-a4e6970b4748,"""A(PD)""",ca_san_jose.zoning_districts:sha256:eae7823a22e72537d5738d473c6c8289e0e2af78e76be782ea5e432fdd5d04ba,cc_by_4_0_api_2026_08,high,2026-08-23 22:07:26.766016+00,
09aac2ef-28cc-4b2d-9f26-329c76d7e81a,ee2c5c1d-c2c4-4933-bc79-475b3e9366df,"""IP(PD)""",ca_san_jose.zoning_districts:sha256:eae7823a22e72537d5738d473c6c8289e0e2af78e76be782ea5e432fdd5d04ba,cc_by_4_0_api_2026_08,high,2026-08-23 22:07:26.766016+00,
09c3fb6a-c68e-43ba-b633-7fae38f4b6e2,e988a52c-70ad-407c-a129-12aa94af31d4,"""A(PD)""",ca_san_jose.zoning_districts:sha256:eae7823a22e72537d5738d473c6c8289e0e2af78e76be782ea5e432fdd5d04ba,cc_by_4_0_api_2026_08,high,2026-08-23 22:07:26.766016+00,
09e5a476-f753-41ef-b583-47988c5356ff,fd260040-e78f-451b-9b3a-0b7ccc51dbd3,"""A(PD)""",ca_san_jose.zoning_districts:sha256:eae7823a22e72537d5738d473c6c8289e0e2af78e76be782ea5e432fdd5d04ba,cc_by_4_0_api_2026_08,high,2026-08-23 22:07:26.766016+00,
09f78291-42a9-4b8b-9a59-521b7e1c20e0,0777cd1e-e186-4e9a-8969-f3927158a489,"""A(PD)""",ca_san_jose.zoning_districts:sha256:eae7823a22e72537d5738d473c6c8289e0e2af78e76be782ea5e432fdd5d04ba,cc_by_4_0_api_2026_08,high,2026-08-23 22:07:26.766016+00,
09f91a94-8478-4492-a702-4a27c084fad2,6373dae4-c356-4711-9910-3908c0d50996,"""A(PD)""",ca_san_jose.zoning_districts:sha256:eae7823a22e72537d5738d473c6c8289e0e2af78e76be782ea5e432fdd5d04ba,cc_by_4_0_api_2026_08,high,2026-08-23 22:07:26.766016+00,
0a18c577-eeab-4fcb-a906-bb4c7bbd16ba,e89cf237-1dde-483f-929f-8049a29d285b,"""A(PD)""",ca_san_jose.zoning_districts:sha256:eae7823a22e72537d5738d473c6c8289e0e2af78e76be782ea5e432fdd5d04ba,cc_by_4_0_api_2026_08,high,2026-08-23 22:07:26.766016+00,
0a39db03-07e1-49a8-92ca-8aa9693afdb9,281d6b83-1329-4b6e-b0f6-41cefcbe78c2,"""A(PD)""",ca_san_jose.zoning_districts:sha256:eae7823a22e72537d5738d473c6c8289e0e2af78e76be782ea5e432fdd5d04ba,cc_by_4_0_api_2026_08,high,2026-08-23 22:07:26.766016+00,
0a784060-671d-4460-b6b7-8c4a523fcf41,fae87e18-36d4-4686-b6b6-7517b453435e,"""R-1-8""",ca_san_jose.zoning_districts:sha256:eae7823a22e72537d5738d473c6c8289e0e2af78e76be782ea5e432fdd5d04ba,cc_by_4_0_api_2026_08,high,2026-08-23 22:07:26.766016+00,
0b15b89f-b553-4bfd-988c-21be3dce6899,7e8813d9-d3f4-4e53-adac-a3ce28e22c97,"""A(PD)""",ca_san_jose.zoning_districts:sha256:eae7823a22e72537d5738d473c6c8289e0e2af78e76be782ea5e432fdd5d04ba,cc_by_4_0_api_2026_08,high,2026-08-23 22:07:26.766016+00,
0b2e2086-5678-484e-b48e-f99f13999476,6715ceca-e056-493b-8d77-0f9e8ed1f8aa,"""A(PD)""",ca_san_jose.zoning_districts:sha256:eae7823a22e72537d5738d473c6c8289e0e2af78e76be782ea5e432fdd5d04ba,cc_by_4_0_api_2026_08,high,2026-08-23 22:07:26.766016+00,
0bb3d5a9-3e97-4a85-9197-a626c44d19a5,26482fa2-674c-4001-b8fa-7a3821ee7906,"""A""",ca_san_jose.zoning_districts:sha256:eae7823a22e72537d5738d473c6c8289e0e2af78e76be782ea5e432fdd5d04ba,cc_by_4_0_api_2026_08,high,2026-08-23 22:07:26.766016+00,
0c227294-87e1-4820-a102-091671079862,99688fbe-332e-4d37-aed0-5c1bf35bc9e1,"""A(PD)""",ca_san_jose.zoning_districts:sha256:eae7823a22e72537d5738d473c6c8289e0e2af78e76be782ea5e432fdd5d04ba,cc_by_4_0_api_2026_08,high,2026-08-23 22:07:26.766016+00,
0c60def5-750f-4b10-bc60-404fd0c7e45d,c7114f93-8ff9-4123-8ce3-a6e138df6b9d,"""HI""",ca_san_jose.zoning_districts:sha256:eae7823a22e72537d5738d473c6c8289e0e2af78e76be782ea5e432fdd5d04ba,cc_by_4_0_api_2026_08,high,2026-08-23 22:07:26.766016+00,
0cc72d4e-9356-4048-be1d-532969bcc11c,21f95945-731a-4fb5-b5f7-47a16df2db72,"""A(PD)""",ca_san_jose.zoning_districts:sha256:eae7823a22e72537d5738d473c6c8289e0e2af78e76be782ea5e432fdd5d04ba,cc_by_4_0_api_2026_08,high,2026-08-23 22:07:26.766016+00,
0d02812d-4c48-4313-a8dc-db4b461e8a99,844d191f-6504-4cae-a31e-3130b77f1cd7,"""A(PD)""",ca_san_jose.zoning_districts:sha256:eae7823a22e72537d5738d473c6c8289e0e2af78e76be782ea5e432fdd5d04ba,cc_by_4_0_api_2026_08,high,2026-08-23 22:07:26.766016+00,
0d4abba3-0984-4cf4-bf4d-908c5b592de1,8570b96b-3c73-42f7-8bcf-1eb798b786cf,"""IP""",ca_san_jose.zoning_districts:sha256:eae7823a22e72537d5738d473c6c8289e0e2af78e76be782ea5e432fdd5d04ba,cc_by_4_0_api_2026_08,high,2026-08-23 22:07:26.766016+00,
0d9186c7-cf2b-4245-90e0-e1102af576cf,10e29a03-0f2f-40c0-8689-f4b9cd5df67c,"""A(PD)""",ca_san_jose.zoning_districts:sha256:eae7823a22e72537d5738d473c6c8289e0e2af78e76be782ea5e432fdd5d04ba,cc_by_4_0_api_2026_08,high,2026-08-23 22:07:26.766016+00,
0e3addc9-3dbb-4b48-8857-6428c9691ebc,c1e7299f-34d8-4a93-afc3-ced5c2e8dddb,"""A(PD)""",ca_san_jose.zoning_districts:sha256:eae7823a22e72537d5738d473c6c8289e0e2af78e76be782ea5e432fdd5d04ba,cc_by_4_0_api_2026_08,high,2026-08-23 22:07:26.766016+00,
0e92a78d-8088-4700-9816-5ea560d37b24,302e0c1f-031d-4876-875e-f3c5566509b7,"""CP""",ca_san_jose.zoning_districts:sha256:eae7823a22e72537d5738d473c6c8289e0e2af78e76be782ea5e432fdd5d04ba,cc_by_4_0_api_2026_08,high,2026-08-23 22:07:26.766016+00,
0ebf1659-a4bc-4e83-bf87-2dfdf702f348,2ff9883d-b400-401d-b852-381dda478ef0,"""A(PD)""",ca_san_jose.zoning_districts:sha256:eae7823a22e72537d5738d473c6c8289e0e2af78e76be782ea5e432fdd5d04ba,cc_by_4_0_api_2026_08,high,2026-08-23 22:07:26.766016+00,
0f47b39a-63af-4495-b376-cc9471eb8205,66dd9799-9c35-4adf-9705-1278a9a6bc86,"""A(PD)""",ca_san_jose.zoning_districts:sha256:eae7823a22e72537d5738d473c6c8289e0e2af78e76be782ea5e432fdd5d04ba,cc_by_4_0_api_2026_08,high,2026-08-23 22:07:26.766016+00,
0fd7fbf3-28b9-4ce9-88b6-a1e8910009ea,32eaa953-146d-450e-8382-35d4285be0f3,"""A(PD)""",ca_san_jose.zoning_districts:sha256:eae7823a22e72537d5738d473c6c8289e0e2af78e76be782ea5e432fdd5d04ba,cc_by_4_0_api_2026_08,high,2026-08-23 22:07:26.766016+00,
0fe023fa-c16b-4b58-acc4-6eaea92ed8d9,d20fdcff-47d2-4a29-acd5-53ec30e24465,"""CP(PD)""",ca_san_jose.zoning_districts:sha256:eae7823a22e72537d5738d473c6c8289e0e2af78e76be782ea5e432fdd5d04ba,cc_by_4_0_api_2026_08,high,2026-08-23 22:07:26.766016+00,
1024d913-bd08-417a-bf35-9573bd12aecf,718bf90a-49c0-480f-bab6-096cd787341d,"""R-1-8(PD)""",ca_san_jose.zoning_districts:sha256:eae7823a22e72537d5738d473c6c8289e0e2af78e76be782ea5e432fdd5d04ba,cc_by_4_0_api_2026_08,high,2026-08-23 22:07:26.766016+00,
104ad952-b507-4d78-bc74-640a641ca403,4306e95c-6c67-4a21-b206-472d34b50dad,"""A(PD)""",ca_san_jose.zoning_districts:sha256:eae7823a22e72537d5738d473c6c8289e0e2af78e76be782ea5e432fdd5d04ba,cc_by_4_0_api_2026_08,high,2026-08-23 22:07:26.766016+00,
10722b11-1b87-4e0f-8636-eefa651559fd,2b92bf1a-cae2-41e1-8d0c-67f64447b1bc,"""A(PD)""",ca_san_jose.zoning_districts:sha256:eae7823a22e72537d5738d473c6c8289e0e2af78e76be782ea5e432fdd5d04ba,cc_by_4_0_api_2026_08,high,2026-08-23 22:07:26.766016+00,
10efabcb-b6e7-4bc8-b100-a3bd7a28efcd,cc22c47a-f6e8-4a7d-b2a7-17cc4fc81142,"""CIC(PD)""",ca_san_jose.zoning_districts:sha256:eae7823a22e72537d5738d473c6c8289e0e2af78e76be782ea5e432fdd5d04ba,cc_by_4_0_api_2026_08,high,2026-08-23 22:07:26.766016+00,
1108e126-37c1-494d-9175-abfaaa0231ea,d9f1c53f-1ad8-415f-8f51-6eab20c56f22,"""A""",ca_san_jose.zoning_districts:sha256:eae7823a22e72537d5738d473c6c8289e0e2af78e76be782ea5e432fdd5d04ba,cc_by_4_0_api_2026_08,high,2026-08-23 22:07:26.766016+00,
111127f6-385f-4fc4-8d69-3be5922a4e83,60494a36-dcb6-4746-9c9c-8438a562e57e,"""A(PD)""",ca_san_jose.zoning_districts:sha256:eae7823a22e72537d5738d473c6c8289e0e2af78e76be782ea5e432fdd5d04ba,cc_by_4_0_api_2026_08,high,2026-08-23 22:07:26.766016+00,
111ab9bc-922e-4b71-99eb-2c6ea541cef7,d6a3a823-57b8-46f8-88cf-9dc8de0d4aa3,"""R-1-8""",ca_san_jose.zoning_districts:sha256:eae7823a22e72537d5738d473c6c8289e0e2af78e76be782ea5e432fdd5d04ba,cc_by_4_0_api_2026_08,high,2026-08-23 22:07:26.766016+00,
118529cf-5d64-4ab5-ba08-8dc51b7147c3,a33169f6-75ec-4cfe-9af9-82fe91caabe9,"""A(PD)""",ca_san_jose.zoning_districts:sha256:eae7823a22e72537d5738d473c6c8289e0e2af78e76be782ea5e432fdd5d04ba,cc_by_4_0_api_2026_08,high,2026-08-23 22:07:26.766016+00,
1193fdfb-f022-4ce9-9844-7006b60a16ff,96641e5a-f797-4e7c-894e-dab72290d24c,"""A(PD)""",ca_san_jose.zoning_districts:sha256:eae7823a22e72537d5738d473c6c8289e0e2af78e76be782ea5e432fdd5d04ba,cc_by_4_0_api_2026_08,high,2026-08-23 22:07:26.766016+00,
1194d4f9-1ce2-4052-a3c8-6af3d6a1d9fc,ef8cc943-46d8-4fb8-ae0e-d795a049e2b5,"""A(PD)""",ca_san_jose.zoning_districts:sha256:eae7823a22e72537d5738d473c6c8289e0e2af78e76be782ea5e432fdd5d04ba,cc_by_4_0_api_2026_08,high,2026-08-23 22:07:26.766016+00,
11f643ba-700b-4c71-8d60-a10f9462020d,e301fe62-8beb-4717-b3af-6c118820b7e0,"""R-1-8""",ca_san_jose.zoning_districts:sha256:eae7823a22e72537d5738d473c6c8289e0e2af78e76be782ea5e432fdd5d04ba,cc_by_4_0_api_2026_08,high,2026-08-23 22:07:26.766016+00,
12487da5-05d9-4dd0-b920-20068ba7f7be,7d496f90-521a-4e78-b02c-3fa0477ffeac,"""IP(PD)""",ca_san_jose.zoning_districts:sha256:eae7823a22e72537d5738d473c6c8289e0e2af78e76be782ea5e432fdd5d04ba,cc_by_4_0_api_2026_08,high,2026-08-23 22:07:26.766016+00,
126489b3-dfef-4398-91e7-07f0766663a4,844276ce-e093-4f28-90f2-4f873731e3d6,"""A(PD)""",ca_san_jose.zoning_districts:sha256:eae7823a22e72537d5738d473c6c8289e0e2af78e76be782ea5e432fdd5d04ba,cc_by_4_0_api_2026_08,high,2026-08-23 22:07:26.766016+00,
12785c51-1ceb-4dde-9aa6-4c84e7911ccf,2c81368f-1d76-4e55-9e22-ab1a379be5e7,"""R-MH""",ca_san_jose.zoning_districts:sha256:eae7823a22e72537d5738d473c6c8289e0e2af78e76be782ea5e432fdd5d04ba,cc_by_4_0_api_2026_08,high,2026-08-23 22:07:26.766016+00,
127ec9b2-472f-40ce-b058-fce025d95e54,d49ff211-1536-47ce-ba77-53f562f8435a,"""A(PD)""",ca_san_jose.zoning_districts:sha256:eae7823a22e72537d5738d473c6c8289e0e2af78e76be782ea5e432fdd5d04ba,cc_by_4_0_api_2026_08,high,2026-08-23 22:07:26.766016+00,
132c88c9-3df2-4284-a8c1-97bcdf3f51bb,dd090ad7-6983-4cc1-89b5-194a4ce1eecc,"""A""",ca_san_jose.zoning_districts:sha256:eae7823a22e72537d5738d473c6c8289e0e2af78e76be782ea5e432fdd5d04ba,cc_by_4_0_api_2026_08,high,2026-08-23 22:07:26.766016+00,
13394714-d7f8-4f03-b028-7a9b326dd1b2,419c2ac4-1d77-4e29-9bee-c5f5dedba6b9,"""R-M(PD)""",ca_san_jose.zoning_districts:sha256:eae7823a22e72537d5738d473c6c8289e0e2af78e76be782ea5e432fdd5d04ba,cc_by_4_0_api_2026_08,high,2026-08-23 22:07:26.766016+00,
134161c2-b3fb-4fef-9faa-92a440d1f2b6,c09cb16e-e523-4276-8acf-31d38edcfdcb,"""R-M(PD)""",ca_san_jose.zoning_districts:sha256:eae7823a22e72537d5738d473c6c8289e0e2af78e76be782ea5e432fdd5d04ba,cc_by_4_0_api_2026_08,high,2026-08-23 22:07:26.766016+00,
139b8770-7559-41d6-8d08-55d2f587eaa5,b93c9544-b7f0-46df-b042-f6dce321d5e3,"""A(PD)""",ca_san_jose.zoning_districts:sha256:eae7823a22e72537d5738d473c6c8289e0e2af78e76be782ea5e432fdd5d04ba,cc_by_4_0_api_2026_08,high,2026-08-23 22:07:26.766016+00,
13aff799-fe6a-4863-8527-aa2c4fe1e0d8,ed50443f-7814-4b91-b1d0-331d9cb74108,"""A(PD)""",ca_san_jose.zoning_districts:sha256:eae7823a22e72537d5738d473c6c8289e0e2af78e76be782ea5e432fdd5d04ba,cc_by_4_0_api_2026_08,high,2026-08-23 22:07:26.766016+00,
13cb0687-101a-4fcc-a4a5-908ad7c838dd,594de452-8de4-45ec-9faf-af4060c02471,"""IP""",ca_san_jose.zoning_districts:sha256:eae7823a22e72537d5738d473c6c8289e0e2af78e76be782ea5e432fdd5d04ba,cc_by_4_0_api_2026_08,high,2026-08-23 22:07:26.766016+00,
141ea878-4e8e-4810-a614-81f0188aebf0,291d5e7c-6aa7-4aec-9716-7cb1f49d1a0c,"""A""",ca_san_jose.zoning_districts:sha256:eae7823a22e72537d5738d473c6c8289e0e2af78e76be782ea5e432fdd5d04ba,cc_by_4_0_api_2026_08,high,2026-08-23 22:07:26.766016+00,
143b86ca-6fd0-4a04-b6d1-4525e8483c3e,652a5e63-75bc-4541-ba84-0bf71c1b075a,"""A(PD)""",ca_san_jose.zoning_districts:sha256:eae7823a22e72537d5738d473c6c8289e0e2af78e76be782ea5e432fdd5d04ba,cc_by_4_0_api_2026_08,high,2026-08-23 22:07:26.766016+00,
14585341-6bf3-44e5-accc-7e2f6c9fdf45,2e8cdec6-2692-42d9-974c-0f0b7a169028,"""R-1-8""",ca_san_jose.zoning_districts:sha256:eae7823a22e72537d5738d473c6c8289e0e2af78e76be782ea5e432fdd5d04ba,cc_by_4_0_api_2026_08,high,2026-08-23 22:07:26.766016+00,
145ddfa3-4d6b-4b62-9f62-f5c348911d94,0e2a210a-f11d-4980-ba9a-90d4a22dc6b8,"""R-1-1(PD)""",ca_san_jose.zoning_districts:sha256:eae7823a22e72537d5738d473c6c8289e0e2af78e76be782ea5e432fdd5d04ba,cc_by_4_0_api_2026_08,high,2026-08-23 22:07:26.766016+00,
146e89d8-b5b9-4b5f-8e73-5588df6a23d7,c588cb27-7f73-4df7-b369-593f8aea01a7,"""IP(PD)""",ca_san_jose.zoning_districts:sha256:eae7823a22e72537d5738d473c6c8289e0e2af78e76be782ea5e432fdd5d04ba,cc_by_4_0_api_2026_08,high,2026-08-23 22:07:26.766016+00,
148f4c5f-efd4-447f-9a4f-ba6d5913b270,93f61185-d3b8-46e1-89b0-e8e022425d07,"""IP(PD)""",ca_san_jose.zoning_districts:sha256:eae7823a22e72537d5738d473c6c8289e0e2af78e76be782ea5e432fdd5d04ba,cc_by_4_0_api_2026_08,high,2026-08-23 22:07:26.766016+00,
14aff5c4-c1a4-4e98-844d-44a6e5e2ddaf,07742fd5-3201-4387-b2f4-54be6e070a65,"""A(PD)""",ca_san_jose.zoning_districts:sha256:eae7823a22e72537d5738d473c6c8289e0e2af78e76be782ea5e432fdd5d04ba,cc_by_4_0_api_2026_08,high,2026-08-23 22:07:26.766016+00,
14fcab2a-3ca8-48b7-9e6b-291e69c595a2,34e6d2c2-143f-4ea9-8398-ef21b68e5c5d,"""A(PD)""",ca_san_jose.zoning_districts:sha256:eae7823a22e72537d5738d473c6c8289e0e2af78e76be782ea5e432fdd5d04ba,cc_by_4_0_api_2026_08,high,2026-08-23 22:07:26.766016+00,
14fd2c66-a525-4a85-a7c8-03b2ed63fa68,5f783731-e40e-44b0-9c74-31833a4101d2,"""A(PD)""",ca_san_jose.zoning_districts:sha256:eae7823a22e72537d5738d473c6c8289e0e2af78e76be782ea5e432fdd5d04ba,cc_by_4_0_api_2026_08,high,2026-08-23 22:07:26.766016+00,
1511c8bc-50a8-4958-8133-a0d6afc51d28,bc065755-8f45-40ea-a5ac-d105440bd2c7,"""A(PD)""",ca_san_jose.zoning_districts:sha256:eae7823a22e72537d5738d473c6c8289e0e2af78e76be782ea5e432fdd5d04ba,cc_by_4_0_api_2026_08,high,2026-08-23 22:07:26.766016+00,
152a05b9-39c9-427e-a499-32c2a3962158,537e6857-a1bb-4853-b4fa-ba70cb6af97b,"""CP(PD)""",ca_san_jose.zoning_districts:sha256:eae7823a22e72537d5738d473c6c8289e0e2af78e76be782ea5e432fdd5d04ba,cc_by_4_0_api_2026_08,high,2026-08-23 22:07:26.766016+00,
1551b30a-2d9b-4e74-8659-39b95d9deac8,8dddb2a9-d1d0-4765-a3a3-97a09a4a7bf7,"""A(PD)""",ca_san_jose.zoning_districts:sha256:eae7823a22e72537d5738d473c6c8289e0e2af78e76be782ea5e432fdd5d04ba,cc_by_4_0_api_2026_08,high,2026-08-23 22:07:26.766016+00,
15586f2a-26df-4fa8-8b54-84dea40a9826,75fe8431-03c4-4cd4-8b98-f45f9bd1d034,"""A(PD)""",ca_san_jose.zoning_districts:sha256:eae7823a22e72537d5738d473c6c8289e0e2af78e76be782ea5e432fdd5d04ba,cc_by_4_0_api_2026_08,high,2026-08-23 22:07:26.766016+00,
1573394b-c787-44cd-b03f-2e64a806f0cb,914821e2-09a4-4bfa-b7e3-870200a65c47,"""R-1-1(PD)""",ca_san_jose.zoning_districts:sha256:eae7823a22e72537d5738d473c6c8289e0e2af78e76be782ea5e432fdd5d04ba,cc_by_4_0_api_2026_08,high,2026-08-23 22:07:26.766016+00,
15a94c2c-0d78-46ae-81cf-dcb39dbae3ac,774f6a0b-41b3-43be-8231-b32d83408537,"""A(PD)""",ca_san_jose.zoning_districts:sha256:eae7823a22e72537d5738d473c6c8289e0e2af78e76be782ea5e432fdd5d04ba,cc_by_4_0_api_2026_08,high,2026-08-23 22:07:26.766016+00,
15da7ae3-7467-408f-a285-8c975341268f,521b6f4d-5202-4b6b-b361-765229e92429,"""CP""",ca_san_jose.zoning_districts:sha256:eae7823a22e72537d5738d473c6c8289e0e2af78e76be782ea5e432fdd5d04ba,cc_by_4_0_api_2026_08,high,2026-08-23 22:07:26.766016+00,
15f6fc74-d9f9-4900-bef0-25bb97cae891,1c5b8d7d-c62b-4449-a641-a3e5651d9a54,"""A(PD)""",ca_san_jose.zoning_districts:sha256:eae7823a22e72537d5738d473c6c8289e0e2af78e76be782ea5e432fdd5d04ba,cc_by_4_0_api_2026_08,high,2026-08-23 22:07:26.766016+00,
1640dc0a-5fa8-4f83-9e80-52f4c5670a15,98535670-a4b4-4129-8772-865bd9a87b17,"""A(PD)""",ca_san_jose.zoning_districts:sha256:eae7823a22e72537d5738d473c6c8289e0e2af78e76be782ea5e432fdd5d04ba,cc_by_4_0_api_2026_08,high,2026-08-23 22:07:26.766016+00,
168fbb44-621a-4f14-8f52-1ad54edea582,b3c41108-44f2-4838-9f76-f96de9368e42,"""MUN""",ca_san_jose.zoning_districts:sha256:eae7823a22e72537d5738d473c6c8289e0e2af78e76be782ea5e432fdd5d04ba,cc_by_4_0_api_2026_08,high,2026-08-23 22:07:26.766016+00,
16b04ada-04df-4f6e-8c6a-07603f83680e,8f44a5e5-f4e4-426a-9e9f-7a194160f9ee,"""A(PD)""",ca_san_jose.zoning_districts:sha256:eae7823a22e72537d5738d473c6c8289e0e2af78e76be782ea5e432fdd5d04ba,cc_by_4_0_api_2026_08,high,2026-08-23 22:07:26.766016+00,
16fdb6ca-a436-4431-9724-dd01333162b1,e9e77a53-3273-43ad-8527-29da4e4daf4c,"""A(PD)""",ca_san_jose.zoning_districts:sha256:eae7823a22e72537d5738d473c6c8289e0e2af78e76be782ea5e432fdd5d04ba,cc_by_4_0_api_2026_08,high,2026-08-23 22:07:26.766016+00,
17119712-c1ae-40f3-b5a7-659f15a61b77,9bc90fb8-61aa-404b-8e8c-8dd7601fbb4c,"""UR""",ca_san_jose.zoning_districts:sha256:eae7823a22e72537d5738d473c6c8289e0e2af78e76be782ea5e432fdd5d04ba,cc_by_4_0_api_2026_08,high,2026-08-23 22:07:26.766016+00,
172325b7-baa0-4f0c-85e1-0359cbd093af,12a71074-6d1a-461e-8b8a-32850e5fa744,"""A(PD)""",ca_san_jose.zoning_districts:sha256:eae7823a22e72537d5738d473c6c8289e0e2af78e76be782ea5e432fdd5d04ba,cc_by_4_0_api_2026_08,high,2026-08-23 22:07:26.766016+00,
175fe24e-dc80-4e6f-8d8c-5fa93535472a,da811867-43b8-4f67-9896-176bc48dc94b,"""R-M(PD)""",ca_san_jose.zoning_districts:sha256:eae7823a22e72537d5738d473c6c8289e0e2af78e76be782ea5e432fdd5d04ba,cc_by_4_0_api_2026_08,high,2026-08-23 22:07:26.766016+00,
17671686-464c-4337-8c27-a52aa50d95ba,df398909-5205-41ce-90ad-682d4d921ce8,"""A(PD)""",ca_san_jose.zoning_districts:sha256:eae7823a22e72537d5738d473c6c8289e0e2af78e76be782ea5e432fdd5d04ba,cc_by_4_0_api_2026_08,high,2026-08-23 22:07:26.766016+00,
181def38-09df-4eb1-b442-94141c6038bc,8a45896b-7f30-4a54-9614-0a9a454e9168,"""A(PD)""",ca_san_jose.zoning_districts:sha256:eae7823a22e72537d5738d473c6c8289e0e2af78e76be782ea5e432fdd5d04ba,cc_by_4_0_api_2026_08,high,2026-08-23 22:07:26.766016+00,
1822def7-2eab-40a5-9ec1-37497cec1d78,6e810b39-a0e6-460a-9eef-a4c5df6ae584,"""IP(PD)""",ca_san_jose.zoning_districts:sha256:eae7823a22e72537d5738d473c6c8289e0e2af78e76be782ea5e432fdd5d04ba,cc_by_4_0_api_2026_08,high,2026-08-23 22:07:26.766016+00,
185f8893-e45c-4b88-9082-9120898ebf84,27c0e106-8041-4d6a-b7bf-9eccd8c3a5c4,"""A(PD)""",ca_san_jose.zoning_districts:sha256:eae7823a22e72537d5738d473c6c8289e0e2af78e76be782ea5e432fdd5d04ba,cc_by_4_0_api_2026_08,high,2026-08-23 22:07:26.766016+00,
18938f39-3713-419f-836b-606a4c6bd7f2,be1517a6-b704-4421-aff3-6bcf6538f279,"""A(PD)""",ca_san_jose.zoning_districts:sha256:eae7823a22e72537d5738d473c6c8289e0e2af78e76be782ea5e432fdd5d04ba,cc_by_4_0_api_2026_08,high,2026-08-23 22:07:26.766016+00,
189c6aad-ce26-498e-bde4-57e4dbf66a65,4b4efb59-3bb1-4f56-b5b8-0c1d3dc40b01,"""A(PD)""",ca_san_jose.zoning_districts:sha256:eae7823a22e72537d5738d473c6c8289e0e2af78e76be782ea5e432fdd5d04ba,cc_by_4_0_api_2026_08,high,2026-08-23 22:07:26.766016+00,
18c2b7e0-0b20-4255-9aed-dbcf88869469,39701e88-9c7c-491b-bbdf-84451160f33c,"""A(PD)""",ca_san_jose.zoning_districts:sha256:eae7823a22e72537d5738d473c6c8289e0e2af78e76be782ea5e432fdd5d04ba,cc_by_4_0_api_2026_08,high,2026-08-23 22:07:26.766016+00,
18cb6061-ba10-4a69-9988-602e25622f27,7202be08-2847-4b35-8342-df15aec1c1aa,"""A(PD)""",ca_san_jose.zoning_districts:sha256:eae7823a22e72537d5738d473c6c8289e0e2af78e76be782ea5e432fdd5d04ba,cc_by_4_0_api_2026_08,high,2026-08-23 22:07:26.766016+00,
18e53e1f-b93c-440c-ac7a-9b7bc93fce90,c0da0c61-a907-4842-8ffd-a998d018f3cd,"""A(PD)""",ca_san_jose.zoning_districts:sha256:eae7823a22e72537d5738d473c6c8289e0e2af78e76be782ea5e432fdd5d04ba,cc_by_4_0_api_2026_08,high,2026-08-23 22:07:26.766016+00,
191fd6c4-d5f6-4627-892c-47d7efe9e457,b3aefee8-611f-415a-a096-7e7a2ebe4c1f,"""R-1-8(PD)""",ca_san_jose.zoning_districts:sha256:eae7823a22e72537d5738d473c6c8289e0e2af78e76be782ea5e432fdd5d04ba,cc_by_4_0_api_2026_08,high,2026-08-23 22:07:26.766016+00,
1957b45b-25b9-42f4-b914-be33de967a19,b396883b-b1d5-48a8-b639-cb44cfca53c0,"""A(PD)""",ca_san_jose.zoning_districts:sha256:eae7823a22e72537d5738d473c6c8289e0e2af78e76be782ea5e432fdd5d04ba,cc_by_4_0_api_2026_08,high,2026-08-23 22:07:26.766016+00,
1a21034e-df46-4899-9dda-d555be1a1876,34f18c82-cb80-41d3-97b0-e73ca65d1826,"""A(PD)""",ca_san_jose.zoning_districts:sha256:eae7823a22e72537d5738d473c6c8289e0e2af78e76be782ea5e432fdd5d04ba,cc_by_4_0_api_2026_08,high,2026-08-23 22:07:26.766016+00,
1a3d5ab5-6838-4656-a4df-ec874306d01b,358bb685-30dd-465d-9086-79d733ec548b,"""A(PD)""",ca_san_jose.zoning_districts:sha256:eae7823a22e72537d5738d473c6c8289e0e2af78e76be782ea5e432fdd5d04ba,cc_by_4_0_api_2026_08,high,2026-08-23 22:07:26.766016+00,
1a846c84-79a8-4e92-ac08-b508474cae7d,7c210e27-101a-4a1a-a4be-79640acaf6dd,"""R-1-8""",ca_san_jose.zoning_districts:sha256:eae7823a22e72537d5738d473c6c8289e0e2af78e76be782ea5e432fdd5d04ba,cc_by_4_0_api_2026_08,high,2026-08-23 22:07:26.766016+00,
1a9b88dd-f813-40a7-86a2-3ef218cfaba1,8cf859f4-d45e-42d2-8e2d-e992b0d32c5e,"""A(PD)""",ca_san_jose.zoning_districts:sha256:eae7823a22e72537d5738d473c6c8289e0e2af78e76be782ea5e432fdd5d04ba,cc_by_4_0_api_2026_08,high,2026-08-23 22:07:26.766016+00,
1b129bd5-ea0e-4119-bed7-43d27801277c,b97f3be5-5466-4ec2-8cad-9f8fc5d25062,"""R-1-8(PD)""",ca_san_jose.zoning_districts:sha256:eae7823a22e72537d5738d473c6c8289e0e2af78e76be782ea5e432fdd5d04ba,cc_by_4_0_api_2026_08,high,2026-08-23 22:07:26.766016+00,
1b73075d-2d42-4099-8168-df682ebcf6f6,42a9b22b-f418-4b31-b119-5a57468fb2d2,"""DC""",ca_san_jose.zoning_districts:sha256:eae7823a22e72537d5738d473c6c8289e0e2af78e76be782ea5e432fdd5d04ba,cc_by_4_0_api_2026_08,high,2026-08-23 22:07:26.766016+00,
1bbcb3c0-6d4c-419f-9013-27a89789ae61,fb30b84a-ba38-46f1-91a1-a91f51c9c6a4,"""A(PD)""",ca_san_jose.zoning_districts:sha256:eae7823a22e72537d5738d473c6c8289e0e2af78e76be782ea5e432fdd5d04ba,cc_by_4_0_api_2026_08,high,2026-08-23 22:07:26.766016+00,
1c0aa830-d1bd-4c20-be20-3037817ce890,d8d19fb2-150c-417d-9bc5-f17781f90369,"""A(PD)""",ca_san_jose.zoning_districts:sha256:eae7823a22e72537d5738d473c6c8289e0e2af78e76be782ea5e432fdd5d04ba,cc_by_4_0_api_2026_08,high,2026-08-23 22:07:26.766016+00,
1c2c1106-cfee-43b5-8d5b-84c70bcafeb6,d5b03e5f-a5ab-4f98-8926-c05d0e4a6cbc,"""R-1-8""",ca_san_jose.zoning_districts:sha256:eae7823a22e72537d5738d473c6c8289e0e2af78e76be782ea5e432fdd5d04ba,cc_by_4_0_api_2026_08,high,2026-08-23 22:07:26.766016+00,
1c3daa03-94a4-4dba-beb5-102085f2cd2b,901cc5c6-0f81-4c79-8679-2343206f5be6,"""A(PD)""",ca_san_jose.zoning_districts:sha256:eae7823a22e72537d5738d473c6c8289e0e2af78e76be782ea5e432fdd5d04ba,cc_by_4_0_api_2026_08,high,2026-08-23 22:07:26.766016+00,
1ca4e4e1-a03c-4d92-9652-4d6f3d4e7d6a,89deaeaa-8ea0-4a46-9b26-67d9b792e6e9,"""CIC(PD)""",ca_san_jose.zoning_districts:sha256:eae7823a22e72537d5738d473c6c8289e0e2af78e76be782ea5e432fdd5d04ba,cc_by_4_0_api_2026_08,high,2026-08-23 22:07:26.766016+00,
1d29505e-1c4d-4505-a7bd-02d7429fb05d,d4324d75-4827-4184-9615-8b8b5cc2ad0d,"""A(PD)""",ca_san_jose.zoning_districts:sha256:eae7823a22e72537d5738d473c6c8289e0e2af78e76be782ea5e432fdd5d04ba,cc_by_4_0_api_2026_08,high,2026-08-23 22:07:26.766016+00,
1d3be689-e8dc-4735-8009-b90245002b57,c2dab1c4-0d66-4c39-bdb2-a8a14345b57d,"""R-M(PD)""",ca_san_jose.zoning_districts:sha256:eae7823a22e72537d5738d473c6c8289e0e2af78e76be782ea5e432fdd5d04ba,cc_by_4_0_api_2026_08,high,2026-08-23 22:07:26.766016+00,
1d80eec2-1830-4d94-b6c7-f9b6039d6b54,8b1c0f7a-221f-48fc-ae8b-ed6c44cd9781,"""OS""",ca_san_jose.zoning_districts:sha256:eae7823a22e72537d5738d473c6c8289e0e2af78e76be782ea5e432fdd5d04ba,cc_by_4_0_api_2026_08,high,2026-08-23 22:07:26.766016+00,
1d842d84-a86d-494c-a6ee-e0d606af965c,52983f9e-7683-4bf9-be2e-e35b31e074ea,"""A(PD)""",ca_san_jose.zoning_districts:sha256:eae7823a22e72537d5738d473c6c8289e0e2af78e76be782ea5e432fdd5d04ba,cc_by_4_0_api_2026_08,high,2026-08-23 22:07:26.766016+00,
1d8b63d5-e007-4aff-a53b-ac46d92db1f1,3656f7e2-9920-444f-9290-defe144e8125,"""A(PD)""",ca_san_jose.zoning_districts:sha256:eae7823a22e72537d5738d473c6c8289e0e2af78e76be782ea5e432fdd5d04ba,cc_by_4_0_api_2026_08,high,2026-08-23 22:07:26.766016+00,
1dbe3c08-f04f-45b5-9ca2-775567aaed9c,7e252084-f72a-4fef-b933-7fddc580e55a,"""A(PD)""",ca_san_jose.zoning_districts:sha256:eae7823a22e72537d5738d473c6c8289e0e2af78e76be782ea5e432fdd5d04ba,cc_by_4_0_api_2026_08,high,2026-08-23 22:07:26.766016+00,
1ddb59db-9a06-4c2c-afcc-7efd4739194f,7e786358-c03c-4b9d-bd24-42cc7e714ac0,"""R-2""",ca_san_jose.zoning_districts:sha256:eae7823a22e72537d5738d473c6c8289e0e2af78e76be782ea5e432fdd5d04ba,cc_by_4_0_api_2026_08,high,2026-08-23 22:07:26.766016+00,
1e063ced-be7a-47ef-9711-7a713d459056,30effc68-376f-4703-824a-b9f5fc38c5be,"""A(PD)""",ca_san_jose.zoning_districts:sha256:eae7823a22e72537d5738d473c6c8289e0e2af78e76be782ea5e432fdd5d04ba,cc_by_4_0_api_2026_08,high,2026-08-23 22:07:26.766016+00,
1e7bb497-9889-4cca-92fe-15d6ec8bde42,0f9bae1d-201b-459e-8f60-8885d9727ebe,"""R-1-8(PD)""",ca_san_jose.zoning_districts:sha256:eae7823a22e72537d5738d473c6c8289e0e2af78e76be782ea5e432fdd5d04ba,cc_by_4_0_api_2026_08,high,2026-08-23 22:07:26.766016+00,
1ea8c0d5-1b86-45fe-98ad-436de6c07e0b,efcd0872-dd94-4d51-b19a-b05d00dd92e5,"""A(PD)""",ca_san_jose.zoning_districts:sha256:eae7823a22e72537d5738d473c6c8289e0e2af78e76be782ea5e432fdd5d04ba,cc_by_4_0_api_2026_08,high,2026-08-23 22:07:26.766016+00,
1f4cb0e6-d44c-41a7-a6a4-3fa2963df9eb,852d3682-de44-46c6-acce-da6d2c3a7b0a,"""A(PD)""",ca_san_jose.zoning_districts:sha256:eae7823a22e72537d5738d473c6c8289e0e2af78e76be782ea5e432fdd5d04ba,cc_by_4_0_api_2026_08,high,2026-08-23 22:07:26.766016+00,
1fabe624-9a70-452c-987d-6f2459645a3d,9711db81-1c9c-42cd-b4bb-4272fbe14239,"""A(PD)""",ca_san_jose.zoning_districts:sha256:eae7823a22e72537d5738d473c6c8289e0e2af78e76be782ea5e432fdd5d04ba,cc_by_4_0_api_2026_08,high,2026-08-23 22:07:26.766016+00,
1fc4ee8e-4aa8-4694-b502-b12e66517391,54397adb-684c-4f0a-b54b-a5c66a131b07,"""A(PD)""",ca_san_jose.zoning_districts:sha256:eae7823a22e72537d5738d473c6c8289e0e2af78e76be782ea5e432fdd5d04ba,cc_by_4_0_api_2026_08,high,2026-08-23 22:07:26.766016+00,
20279957-ac3e-4bde-bd63-9ae777088f05,3b855848-b596-4cb2-a66a-30ce6a1b77a2,"""A(PD)""",ca_san_jose.zoning_districts:sha256:eae7823a22e72537d5738d473c6c8289e0e2af78e76be782ea5e432fdd5d04ba,cc_by_4_0_api_2026_08,high,2026-08-23 22:07:26.766016+00,
214150b1-249c-467e-b021-a4f8e2d40902,eb83e454-dc77-484a-89cd-195e12180851,"""R-1-8(PD)""",ca_san_jose.zoning_districts:sha256:eae7823a22e72537d5738d473c6c8289e0e2af78e76be782ea5e432fdd5d04ba,cc_by_4_0_api_2026_08,high,2026-08-23 22:07:26.766016+00,
2149f685-926f-41fd-8552-35edef963cb7,e495cd5a-560a-40a1-a5ca-938d171283b7,"""A(PD)""",ca_san_jose.zoning_districts:sha256:eae7823a22e72537d5738d473c6c8289e0e2af78e76be782ea5e432fdd5d04ba,cc_by_4_0_api_2026_08,high,2026-08-23 22:07:26.766016+00,
216146a6-3b4d-4466-ba9c-67e3664b0416,87a5df91-4edd-4b2b-be55-20d5508892c9,"""R-1-8""",ca_san_jose.zoning_districts:sha256:eae7823a22e72537d5738d473c6c8289e0e2af78e76be782ea5e432fdd5d04ba,cc_by_4_0_api_2026_08,high,2026-08-23 22:07:26.766016+00,
21df58ba-e85b-4a95-8821-5ae121cdbc36,6e2bc3fa-2f83-4317-a41c-ec1aad749243,"""A(PD)""",ca_san_jose.zoning_districts:sha256:eae7823a22e72537d5738d473c6c8289e0e2af78e76be782ea5e432fdd5d04ba,cc_by_4_0_api_2026_08,high,2026-08-23 22:07:26.766016+00,
2254f692-704e-4bc9-b3eb-2d5a02a6ff7e,cf80285b-5f13-444d-86db-567a89b38a31,"""A(PD)""",ca_san_jose.zoning_districts:sha256:eae7823a22e72537d5738d473c6c8289e0e2af78e76be782ea5e432fdd5d04ba,cc_by_4_0_api_2026_08,high,2026-08-23 22:07:26.766016+00,
227e0a43-552a-4a19-835f-2dcf6c099bbe,2b8c1726-cbf5-4c03-9c46-4bb53a2f6607,"""A(PD)""",ca_san_jose.zoning_districts:sha256:eae7823a22e72537d5738d473c6c8289e0e2af78e76be782ea5e432fdd5d04ba,cc_by_4_0_api_2026_08,high,2026-08-23 22:07:26.766016+00,
22833d69-322f-41a5-9677-a8271e45ed1a,104ddd44-5dd1-4817-b769-1a04b887aab2,"""A(PD)""",ca_san_jose.zoning_districts:sha256:eae7823a22e72537d5738d473c6c8289e0e2af78e76be782ea5e432fdd5d04ba,cc_by_4_0_api_2026_08,high,2026-08-23 22:07:26.766016+00,
22850603-6284-4bc5-9b68-17e275ef7548,de0df8dd-dcb9-4c23-bd54-1e7dcb81f548,"""R-M""",ca_san_jose.zoning_districts:sha256:eae7823a22e72537d5738d473c6c8289e0e2af78e76be782ea5e432fdd5d04ba,cc_by_4_0_api_2026_08,high,2026-08-23 22:07:26.766016+00,
22ff1d6a-a170-4ce2-9bbd-6c4398a09544,535ae2e5-a2e6-4ef8-bac3-3407f85e0105,"""A(PD)""",ca_san_jose.zoning_districts:sha256:eae7823a22e72537d5738d473c6c8289e0e2af78e76be782ea5e432fdd5d04ba,cc_by_4_0_api_2026_08,high,2026-08-23 22:07:26.766016+00,
233453c4-aeb6-4cd0-ada6-26eacdce96a9,d53720af-0055-40c0-8748-75406b062f18,"""A""",ca_san_jose.zoning_districts:sha256:eae7823a22e72537d5738d473c6c8289e0e2af78e76be782ea5e432fdd5d04ba,cc_by_4_0_api_2026_08,high,2026-08-23 22:07:26.766016+00,
24b089b6-7d6f-4b08-b71d-ba44fdaa87c8,a0204011-9a33-48aa-a62a-3324e6e71dcf,"""A(PD)""",ca_san_jose.zoning_districts:sha256:eae7823a22e72537d5738d473c6c8289e0e2af78e76be782ea5e432fdd5d04ba,cc_by_4_0_api_2026_08,high,2026-08-23 22:07:26.766016+00,
2507a9cf-ed0c-4d3e-b877-1e2e7db04d85,ceb3bc13-c37c-45d2-9579-0205eadd0726,"""CN""",ca_san_jose.zoning_districts:sha256:eae7823a22e72537d5738d473c6c8289e0e2af78e76be782ea5e432fdd5d04ba,cc_by_4_0_api_2026_08,high,2026-08-23 22:07:26.766016+00,
251cbb0b-e9d9-486c-bf2b-b3751cd0f8f0,033ef7d5-fcde-4911-9707-636f48cbdb3b,"""CP(PD)""",ca_san_jose.zoning_districts:sha256:eae7823a22e72537d5738d473c6c8289e0e2af78e76be782ea5e432fdd5d04ba,cc_by_4_0_api_2026_08,high,2026-08-23 22:07:26.766016+00,
2549ef2c-ab85-440f-b3bb-1ef5e2c3b8f0,1962ffd0-b90c-457b-83d0-7c6db1536967,"""A(PD)""",ca_san_jose.zoning_districts:sha256:eae7823a22e72537d5738d473c6c8289e0e2af78e76be782ea5e432fdd5d04ba,cc_by_4_0_api_2026_08,high,2026-08-23 22:07:26.766016+00,
2565cec1-7f01-4f5b-8e4e-9634b48222ab,7c77654f-b88d-4481-87d2-5550b7f90b0a,"""A""",ca_san_jose.zoning_districts:sha256:eae7823a22e72537d5738d473c6c8289e0e2af78e76be782ea5e432fdd5d04ba,cc_by_4_0_api_2026_08,high,2026-08-23 22:07:26.766016+00,
256faf31-d215-4d28-a5d3-e587a167b01a,d418964d-5f05-4538-b59e-c9785e392ab2,"""A(PD)""",ca_san_jose.zoning_districts:sha256:eae7823a22e72537d5738d473c6c8289e0e2af78e76be782ea5e432fdd5d04ba,cc_by_4_0_api_2026_08,high,2026-08-23 22:07:26.766016+00,
25a28f35-36d2-4372-99ba-f43673d3cc18,cf32a8a0-9efe-408c-acf9-1975a44ea70d,"""A(PD)""",ca_san_jose.zoning_districts:sha256:eae7823a22e72537d5738d473c6c8289e0e2af78e76be782ea5e432fdd5d04ba,cc_by_4_0_api_2026_08,high,2026-08-23 22:07:26.766016+00,
25c6d06d-b243-4e61-ac9f-abf128180805,5aeb668d-b575-4e08-a90d-6d39237cb221,"""A(PD)""",ca_san_jose.zoning_districts:sha256:eae7823a22e72537d5738d473c6c8289e0e2af78e76be782ea5e432fdd5d04ba,cc_by_4_0_api_2026_08,high,2026-08-23 22:07:26.766016+00,
25e1b745-b8f9-4dd1-8f40-653c0b57441f,c53bea36-402c-4f98-987c-c666846faa92,"""A(PD)""",ca_san_jose.zoning_districts:sha256:eae7823a22e72537d5738d473c6c8289e0e2af78e76be782ea5e432fdd5d04ba,cc_by_4_0_api_2026_08,high,2026-08-23 22:07:26.766016+00,
2639141e-b042-4269-9389-958470e7ff8a,e30e3987-439e-4041-b3a7-93c805d9bfd4,"""A(PD)""",ca_san_jose.zoning_districts:sha256:eae7823a22e72537d5738d473c6c8289e0e2af78e76be782ea5e432fdd5d04ba,cc_by_4_0_api_2026_08,high,2026-08-23 22:07:26.766016+00,
26778ee7-9040-4c46-9c15-2b2662a3389e,15360e3b-df8e-47f5-98ca-b80437524d52,"""UR""",ca_san_jose.zoning_districts:sha256:eae7823a22e72537d5738d473c6c8289e0e2af78e76be782ea5e432fdd5d04ba,cc_by_4_0_api_2026_08,high,2026-08-23 22:07:26.766016+00,
26c4b51e-086e-4262-b064-655f81eae31a,24657243-6581-484d-b2a2-e2e726155151,"""A(PD)""",ca_san_jose.zoning_districts:sha256:eae7823a22e72537d5738d473c6c8289e0e2af78e76be782ea5e432fdd5d04ba,cc_by_4_0_api_2026_08,high,2026-08-23 22:07:26.766016+00,
26cb93b9-1d05-4684-aac3-93b84a8a6bf5,414f1efb-17d9-44ab-8e1a-23aca49db112,"""A(PD)""",ca_san_jose.zoning_districts:sha256:eae7823a22e72537d5738d473c6c8289e0e2af78e76be782ea5e432fdd5d04ba,cc_by_4_0_api_2026_08,high,2026-08-23 22:07:26.766016+00,
279c2371-a7ee-41c3-bf04-c9053d69db02,b739dae2-4b0f-40f9-816b-b46f210c53a3,"""A(PD)""",ca_san_jose.zoning_districts:sha256:eae7823a22e72537d5738d473c6c8289e0e2af78e76be782ea5e432fdd5d04ba,cc_by_4_0_api_2026_08,high,2026-08-23 22:07:26.766016+00,
27c32170-dbe6-413e-876f-f7f3216af045,a2215895-b406-4390-8984-afc509f58f73,"""DC""",ca_san_jose.zoning_districts:sha256:eae7823a22e72537d5738d473c6c8289e0e2af78e76be782ea5e432fdd5d04ba,cc_by_4_0_api_2026_08,high,2026-08-23 22:07:26.766016+00,
27e96508-1832-4758-a422-7b1f6fc9f937,0c356d9d-9cf1-4e62-808a-9de038f0a4f7,"""A(PD)""",ca_san_jose.zoning_districts:sha256:eae7823a22e72537d5738d473c6c8289e0e2af78e76be782ea5e432fdd5d04ba,cc_by_4_0_api_2026_08,high,2026-08-23 22:07:26.766016+00,
280617d0-e3ab-42d9-ad6f-469b98cdfcda,e7bbb73a-0e2d-49a9-80d1-93a93235d330,"""R-1-8""",ca_san_jose.zoning_districts:sha256:eae7823a22e72537d5738d473c6c8289e0e2af78e76be782ea5e432fdd5d04ba,cc_by_4_0_api_2026_08,high,2026-08-23 22:07:26.766016+00,
280ee81b-a694-48ed-91ac-b67418d1214a,34fac0d6-029e-4041-a086-4cb6741b9971,"""IP(PD)""",ca_san_jose.zoning_districts:sha256:eae7823a22e72537d5738d473c6c8289e0e2af78e76be782ea5e432fdd5d04ba,cc_by_4_0_api_2026_08,high,2026-08-23 22:07:26.766016+00,
28270cf2-8874-4c38-aa58-d283f306da01,a337f365-5b25-4a1a-9a8d-0552ccd8eb3b,"""R-1-8""",ca_san_jose.zoning_districts:sha256:eae7823a22e72537d5738d473c6c8289e0e2af78e76be782ea5e432fdd5d04ba,cc_by_4_0_api_2026_08,high,2026-08-23 22:07:26.766016+00,
28950b75-7dc4-4039-be5d-c97b39a38c24,40c45207-996e-4993-a35a-c833a3ba0b8e,"""A""",ca_san_jose.zoning_districts:sha256:eae7823a22e72537d5738d473c6c8289e0e2af78e76be782ea5e432fdd5d04ba,cc_by_4_0_api_2026_08,high,2026-08-23 22:07:26.766016+00,
28dc1906-a333-4a1c-9ad0-1ec3ef15580d,5005666d-ae2a-4f2d-8ad7-7c52096abcdd,"""A(PD)""",ca_san_jose.zoning_districts:sha256:eae7823a22e72537d5738d473c6c8289e0e2af78e76be782ea5e432fdd5d04ba,cc_by_4_0_api_2026_08,high,2026-08-23 22:07:26.766016+00,
29381b43-3bd0-44e0-8156-3d7058006252,0b078d7c-95be-4809-8287-9b7da29f21f2,"""R-1-8""",ca_san_jose.zoning_districts:sha256:eae7823a22e72537d5738d473c6c8289e0e2af78e76be782ea5e432fdd5d04ba,cc_by_4_0_api_2026_08,high,2026-08-23 22:07:26.766016+00,
29838ac3-af17-48bc-aca3-65056d2a9ad5,bc46e490-99cb-4875-ad05-394906000657,"""R-M(PD)""",ca_san_jose.zoning_districts:sha256:eae7823a22e72537d5738d473c6c8289e0e2af78e76be782ea5e432fdd5d04ba,cc_by_4_0_api_2026_08,high,2026-08-23 22:07:26.766016+00,
298cdaa9-e008-432e-a2b3-3bc0ffe040bc,74aca980-b947-4e38-b376-3de89d4c7f91,"""A(PD)""",ca_san_jose.zoning_districts:sha256:eae7823a22e72537d5738d473c6c8289e0e2af78e76be782ea5e432fdd5d04ba,cc_by_4_0_api_2026_08,high,2026-08-23 22:07:26.766016+00,
29955334-d5aa-4280-9a52-b42de82bc8c1,950484a5-0f01-4e17-baf6-bd2784e807b7,"""OS""",ca_san_jose.zoning_districts:sha256:eae7823a22e72537d5738d473c6c8289e0e2af78e76be782ea5e432fdd5d04ba,cc_by_4_0_api_2026_08,high,2026-08-23 22:07:26.766016+00,
29ac5851-c43f-4ea4-ad13-1676b922b84c,b2c5224c-3ee9-4a0d-b866-d134023d81fe,"""A(PD)""",ca_san_jose.zoning_districts:sha256:eae7823a22e72537d5738d473c6c8289e0e2af78e76be782ea5e432fdd5d04ba,cc_by_4_0_api_2026_08,high,2026-08-23 22:07:26.766016+00,
29da10bf-f928-4918-8139-5f23cef308b1,124df7ab-7164-4df0-9931-6d20973cd594,"""A(PD)""",ca_san_jose.zoning_districts:sha256:eae7823a22e72537d5738d473c6c8289e0e2af78e76be782ea5e432fdd5d04ba,cc_by_4_0_api_2026_08,high,2026-08-23 22:07:26.766016+00,
29e914e6-9a8c-4278-8f17-951c596a5e23,97b3d646-062c-4dfb-935b-5ae77f336c19,"""LI""",ca_san_jose.zoning_districts:sha256:eae7823a22e72537d5738d473c6c8289e0e2af78e76be782ea5e432fdd5d04ba,cc_by_4_0_api_2026_08,high,2026-08-23 22:07:26.766016+00,
2a9503cc-3747-44f3-abbf-cd3600d2ad84,1dd812c6-f8b9-4c62-a36f-941032d9369b,"""HI""",ca_san_jose.zoning_districts:sha256:eae7823a22e72537d5738d473c6c8289e0e2af78e76be782ea5e432fdd5d04ba,cc_by_4_0_api_2026_08,high,2026-08-23 22:07:26.766016+00,
2b826c08-6a00-4900-a9a2-387dc1f7bda7,4c370364-1e53-4939-b031-077b933799db,"""A""",ca_san_jose.zoning_districts:sha256:eae7823a22e72537d5738d473c6c8289e0e2af78e76be782ea5e432fdd5d04ba,cc_by_4_0_api_2026_08,high,2026-08-23 22:07:26.766016+00,
2b87244d-5da0-4711-a871-d029999d438e,51e2531a-b0e3-4ee9-8056-ac5bad4da030,"""R-M(CL)""",ca_san_jose.zoning_districts:sha256:eae7823a22e72537d5738d473c6c8289e0e2af78e76be782ea5e432fdd5d04ba,cc_by_4_0_api_2026_08,high,2026-08-23 22:07:26.766016+00,
2c21591c-56a0-490a-add2-2bc845b26aca,3e8a2ad9-678e-42b5-bb72-a532d93105c5,"""CIC""",ca_san_jose.zoning_districts:sha256:eae7823a22e72537d5738d473c6c8289e0e2af78e76be782ea5e432fdd5d04ba,cc_by_4_0_api_2026_08,high,2026-08-23 22:07:26.766016+00,
2c8b6278-49ad-4657-a1b3-f51e10e430c4,0527c85a-6976-41b8-b4f2-4ae09cf3a048,"""A(PD)""",ca_san_jose.zoning_districts:sha256:eae7823a22e72537d5738d473c6c8289e0e2af78e76be782ea5e432fdd5d04ba,cc_by_4_0_api_2026_08,high,2026-08-23 22:07:26.766016+00,
2d64b078-50d8-4f7d-b205-4ba34941e9b7,cee4d070-fcd2-418d-8ce5-7d26e3c9a38c,"""R-1-5""",ca_san_jose.zoning_districts:sha256:eae7823a22e72537d5738d473c6c8289e0e2af78e76be782ea5e432fdd5d04ba,cc_by_4_0_api_2026_08,high,2026-08-23 22:07:26.766016+00,
2d6d0062-fb34-4c32-a5cc-1544a9276782,f2833de9-030e-40b2-9579-06dc1e851003,"""A(PD)""",ca_san_jose.zoning_districts:sha256:eae7823a22e72537d5738d473c6c8289e0e2af78e76be782ea5e432fdd5d04ba,cc_by_4_0_api_2026_08,high,2026-08-23 22:07:26.766016+00,
2d7cea8a-c078-447a-acb0-af68a9aecf3d,063b4c0d-cf1b-4eb9-80bf-8b0e223d096a,"""R-1-8(PD)""",ca_san_jose.zoning_districts:sha256:eae7823a22e72537d5738d473c6c8289e0e2af78e76be782ea5e432fdd5d04ba,cc_by_4_0_api_2026_08,high,2026-08-23 22:07:26.766016+00,
2dd99c45-bf4d-4344-aa9a-632d1646c136,81346d45-5e88-4a4a-a7c2-4e06ae694435,"""LI""",ca_san_jose.zoning_districts:sha256:eae7823a22e72537d5738d473c6c8289e0e2af78e76be782ea5e432fdd5d04ba,cc_by_4_0_api_2026_08,high,2026-08-23 22:07:26.766016+00,
2e32bc92-53e9-4ad7-a96f-68e7961aef27,00bcc4fb-daaf-42ff-80cc-3352bcb4ac1c,"""A(PD)""",ca_san_jose.zoning_districts:sha256:eae7823a22e72537d5738d473c6c8289e0e2af78e76be782ea5e432fdd5d04ba,cc_by_4_0_api_2026_08,high,2026-08-23 22:07:26.766016+00,
2e4b8a13-78d6-46b5-8e30-b0b69dfb73e3,ec631e36-5da0-476b-8a83-b89c06380eb3,"""OS""",ca_san_jose.zoning_districts:sha256:eae7823a22e72537d5738d473c6c8289e0e2af78e76be782ea5e432fdd5d04ba,cc_by_4_0_api_2026_08,high,2026-08-23 22:07:26.766016+00,
2e902085-2a7b-411e-aeb7-914353007764,821565e0-fa40-42a7-968b-699e1b4c86ad,"""A(PD)""",ca_san_jose.zoning_districts:sha256:eae7823a22e72537d5738d473c6c8289e0e2af78e76be782ea5e432fdd5d04ba,cc_by_4_0_api_2026_08,high,2026-08-23 22:07:26.766016+00,
2ea519fd-07ee-4e88-a6ad-4865647cd08d,d630ec5a-770c-4782-809f-1ff092e5f888,"""IP""",ca_san_jose.zoning_districts:sha256:eae7823a22e72537d5738d473c6c8289e0e2af78e76be782ea5e432fdd5d04ba,cc_by_4_0_api_2026_08,high,2026-08-23 22:07:26.766016+00,
2ee30594-9589-4544-84e8-78daa713020c,b6a560c5-2b14-48b3-88b4-439f7219628f,"""A(PD)""",ca_san_jose.zoning_districts:sha256:eae7823a22e72537d5738d473c6c8289e0e2af78e76be782ea5e432fdd5d04ba,cc_by_4_0_api_2026_08,high,2026-08-23 22:07:26.766016+00,
2f027ebe-fdb5-4a84-873e-575d8dfae977,3ca76482-f9a2-4592-a5b5-1f70f2e9ebbc,"""A(PD)""",ca_san_jose.zoning_districts:sha256:eae7823a22e72537d5738d473c6c8289e0e2af78e76be782ea5e432fdd5d04ba,cc_by_4_0_api_2026_08,high,2026-08-23 22:07:26.766016+00,
2f1424ff-e2a7-450b-b4ce-cc59cab13b41,35307f0b-c984-43b8-a810-d4ae68b37589,"""A(PD)""",ca_san_jose.zoning_districts:sha256:eae7823a22e72537d5738d473c6c8289e0e2af78e76be782ea5e432fdd5d04ba,cc_by_4_0_api_2026_08,high,2026-08-23 22:07:26.766016+00,
2f353d94-5376-4898-9939-ef3295b8e172,bc9c94e9-3305-4fd3-a84b-fe9516d0a218,"""PQP""",ca_san_jose.zoning_districts:sha256:eae7823a22e72537d5738d473c6c8289e0e2af78e76be782ea5e432fdd5d04ba,cc_by_4_0_api_2026_08,high,2026-08-23 22:07:26.766016+00,
2f86182b-90e6-4deb-a777-0ed70b4c7323,8d73a3c0-8439-40bc-91a6-718320056d2b,"""A(PD)""",ca_san_jose.zoning_districts:sha256:eae7823a22e72537d5738d473c6c8289e0e2af78e76be782ea5e432fdd5d04ba,cc_by_4_0_api_2026_08,high,2026-08-23 22:07:26.766016+00,
2f88acb2-654b-4249-b00b-8b100ac12331,15d818cb-e714-40fe-9607-be1f3176e4ef,"""A(PD)""",ca_san_jose.zoning_districts:sha256:eae7823a22e72537d5738d473c6c8289e0e2af78e76be782ea5e432fdd5d04ba,cc_by_4_0_api_2026_08,high,2026-08-23 22:07:26.766016+00,
2fa85f92-79af-4c61-a7af-602486b12867,bc94a007-a554-4cad-987e-33b66b6caf27,"""A(PD)""",ca_san_jose.zoning_districts:sha256:eae7823a22e72537d5738d473c6c8289e0e2af78e76be782ea5e432fdd5d04ba,cc_by_4_0_api_2026_08,high,2026-08-23 22:07:26.766016+00,
2fecbdcf-916b-44cc-9f2b-7ebaf09393b4,fd595d0f-8ba4-4354-9c56-dd706301e0bd,"""OS""",ca_san_jose.zoning_districts:sha256:eae7823a22e72537d5738d473c6c8289e0e2af78e76be782ea5e432fdd5d04ba,cc_by_4_0_api_2026_08,high,2026-08-23 22:07:26.766016+00,
3034979d-0672-492f-b557-09d6036295f9,7c56ecf8-6f8a-4694-9942-5253129398c1,"""HI""",ca_san_jose.zoning_districts:sha256:eae7823a22e72537d5738d473c6c8289e0e2af78e76be782ea5e432fdd5d04ba,cc_by_4_0_api_2026_08,high,2026-08-23 22:07:26.766016+00,
303eb9b0-e081-47f4-8c96-347d337c5efd,44ee9e72-85ef-497b-a19c-31339a6eb179,"""OS""",ca_san_jose.zoning_districts:sha256:eae7823a22e72537d5738d473c6c8289e0e2af78e76be782ea5e432fdd5d04ba,cc_by_4_0_api_2026_08,high,2026-08-23 22:07:26.766016+00,
30412fb4-dcfb-4462-a8e7-c5044f6cbdeb,7245073c-c531-4f7d-b52d-cb7f9760d00f,"""A(PD)""",ca_san_jose.zoning_districts:sha256:eae7823a22e72537d5738d473c6c8289e0e2af78e76be782ea5e432fdd5d04ba,cc_by_4_0_api_2026_08,high,2026-08-23 22:07:26.766016+00,
30d6d9b9-2741-4ef3-9264-1db5443a1fa1,8804adb4-8731-4c49-bdbb-f9758b1df4ec,"""A(PD)""",ca_san_jose.zoning_districts:sha256:eae7823a22e72537d5738d473c6c8289e0e2af78e76be782ea5e432fdd5d04ba,cc_by_4_0_api_2026_08,high,2026-08-23 22:07:26.766016+00,
31078867-942a-4c32-94f9-e778cce31459,4915d4f8-b5b0-433c-90f1-7f58284a3591,"""A(PD)""",ca_san_jose.zoning_districts:sha256:eae7823a22e72537d5738d473c6c8289e0e2af78e76be782ea5e432fdd5d04ba,cc_by_4_0_api_2026_08,high,2026-08-23 22:07:26.766016+00,
310e1409-fd8a-4212-a250-852c98edb0cb,d05aa7a6-53b1-4785-9729-58f52d468a9c,"""A(PD)""",ca_san_jose.zoning_districts:sha256:eae7823a22e72537d5738d473c6c8289e0e2af78e76be782ea5e432fdd5d04ba,cc_by_4_0_api_2026_08,high,2026-08-23 22:07:26.766016+00,
3195b5d0-412b-4d61-8ea0-bf3efaba6740,51d61bbe-287e-4cdd-890c-9405c2978784,"""A(PD)""",ca_san_jose.zoning_districts:sha256:eae7823a22e72537d5738d473c6c8289e0e2af78e76be782ea5e432fdd5d04ba,cc_by_4_0_api_2026_08,high,2026-08-23 22:07:26.766016+00,
327e965c-1c8b-4089-a363-973abbd485db,5668ef75-48bb-42f2-9c3d-29fb4e5f4cc2,"""CP""",ca_san_jose.zoning_districts:sha256:eae7823a22e72537d5738d473c6c8289e0e2af78e76be782ea5e432fdd5d04ba,cc_by_4_0_api_2026_08,high,2026-08-23 22:07:26.766016+00,
329a4c16-0a6f-49a9-9b91-ca8905e27b23,2d360c92-9083-46a0-a37c-9ee85925e67c,"""A(PD)""",ca_san_jose.zoning_districts:sha256:eae7823a22e72537d5738d473c6c8289e0e2af78e76be782ea5e432fdd5d04ba,cc_by_4_0_api_2026_08,high,2026-08-23 22:07:26.766016+00,
32e4542e-d5aa-4258-871d-e50ecb48cc33,3f764b82-1368-40f4-9ded-b0f9aa2d0379,"""A(PD)""",ca_san_jose.zoning_districts:sha256:eae7823a22e72537d5738d473c6c8289e0e2af78e76be782ea5e432fdd5d04ba,cc_by_4_0_api_2026_08,high,2026-08-23 22:07:26.766016+00,
32edbe64-8f5d-4a0f-8064-534eb467df88,fb18be6a-deeb-410c-8ce1-e08370aacecc,"""R-1-8""",ca_san_jose.zoning_districts:sha256:eae7823a22e72537d5738d473c6c8289e0e2af78e76be782ea5e432fdd5d04ba,cc_by_4_0_api_2026_08,high,2026-08-23 22:07:26.766016+00,
33443b43-8964-4fa5-afaa-56dbfbaa789f,c331ba45-30cc-4c17-8b66-80a2202e94f9,"""A(PD)""",ca_san_jose.zoning_districts:sha256:eae7823a22e72537d5738d473c6c8289e0e2af78e76be782ea5e432fdd5d04ba,cc_by_4_0_api_2026_08,high,2026-08-23 22:07:26.766016+00,
33a5b5b9-1045-4c28-b698-edbef02a76ec,d3669b82-904d-462c-8163-a3fe87716e1d,"""A(PD)""",ca_san_jose.zoning_districts:sha256:eae7823a22e72537d5738d473c6c8289e0e2af78e76be782ea5e432fdd5d04ba,cc_by_4_0_api_2026_08,high,2026-08-23 22:07:26.766016+00,
33ef2dd2-4bd0-4ac8-ac62-6790877c84b4,fe180f4d-f5b0-45f6-9dcb-6f91f93b187d,"""IP""",ca_san_jose.zoning_districts:sha256:eae7823a22e72537d5738d473c6c8289e0e2af78e76be782ea5e432fdd5d04ba,cc_by_4_0_api_2026_08,high,2026-08-23 22:07:26.766016+00,
341c4090-1034-404a-9b79-c3cd87a420c3,0ac6aa9c-c29c-4682-b4a0-745f5081cc6c,"""PQP""",ca_san_jose.zoning_districts:sha256:eae7823a22e72537d5738d473c6c8289e0e2af78e76be782ea5e432fdd5d04ba,cc_by_4_0_api_2026_08,high,2026-08-23 22:07:26.766016+00,
342ca1eb-4e3a-4322-a845-bd9b454eaf42,2850b1c3-498e-4490-a587-4f96c9060993,"""A(PD)""",ca_san_jose.zoning_districts:sha256:eae7823a22e72537d5738d473c6c8289e0e2af78e76be782ea5e432fdd5d04ba,cc_by_4_0_api_2026_08,high,2026-08-23 22:07:26.766016+00,
34364891-3dc8-405f-af9e-e3a10ba6e40e,f5817dd5-b2b4-4c9c-ada7-1d4e85650476,"""HI""",ca_san_jose.zoning_districts:sha256:eae7823a22e72537d5738d473c6c8289e0e2af78e76be782ea5e432fdd5d04ba,cc_by_4_0_api_2026_08,high,2026-08-23 22:07:26.766016+00,
343d59c8-6d1f-4a2f-b318-6c999689ffc9,fd7a063d-dc39-4288-8b14-061bdc1b66b4,"""A(PD)""",ca_san_jose.zoning_districts:sha256:eae7823a22e72537d5738d473c6c8289e0e2af78e76be782ea5e432fdd5d04ba,cc_by_4_0_api_2026_08,high,2026-08-23 22:07:26.766016+00,
34534bb4-1bee-47dd-b191-22cc5bfa529a,ecd2311b-b708-4cb1-9d86-2987aace257e,"""A(PD)""",ca_san_jose.zoning_districts:sha256:eae7823a22e72537d5738d473c6c8289e0e2af78e76be782ea5e432fdd5d04ba,cc_by_4_0_api_2026_08,high,2026-08-23 22:07:26.766016+00,
347288a5-dc20-4395-9b5a-e97d6496e4df,8b29fcf0-9852-4997-8834-f46bc18aa0fe,"""CIC""",ca_san_jose.zoning_districts:sha256:eae7823a22e72537d5738d473c6c8289e0e2af78e76be782ea5e432fdd5d04ba,cc_by_4_0_api_2026_08,high,2026-08-23 22:07:26.766016+00,
361a5140-cc6e-4db9-ad71-38ba10399341,e518a4fd-ef83-458a-9335-30d652de3840,"""A(PD)""",ca_san_jose.zoning_districts:sha256:eae7823a22e72537d5738d473c6c8289e0e2af78e76be782ea5e432fdd5d04ba,cc_by_4_0_api_2026_08,high,2026-08-23 22:07:26.766016+00,
363be89b-337f-474c-9a46-a2b1e0c41f9a,6492f8b8-de1f-4f33-8ed9-a9fabc49cb6f,"""A(PD)""",ca_san_jose.zoning_districts:sha256:eae7823a22e72537d5738d473c6c8289e0e2af78e76be782ea5e432fdd5d04ba,cc_by_4_0_api_2026_08,high,2026-08-23 22:07:26.766016+00,
3696673b-b7fd-480f-9218-91c3b4543293,18b80351-eed9-4d2b-8568-ca319b2fee42,"""A(PD)""",ca_san_jose.zoning_districts:sha256:eae7823a22e72537d5738d473c6c8289e0e2af78e76be782ea5e432fdd5d04ba,cc_by_4_0_api_2026_08,high,2026-08-23 22:07:26.766016+00,
36aa4910-7e17-433d-87d2-9bb74253b0a7,aed68ffd-d830-4264-ba24-90a30f1bc960,"""A(PD)""",ca_san_jose.zoning_districts:sha256:eae7823a22e72537d5738d473c6c8289e0e2af78e76be782ea5e432fdd5d04ba,cc_by_4_0_api_2026_08,high,2026-08-23 22:07:26.766016+00,
36c2b031-1813-4bef-9778-022028cf9b58,9ab6a0d7-8741-4ca0-9a87-508d2405b0d3,"""UR""",ca_san_jose.zoning_districts:sha256:eae7823a22e72537d5738d473c6c8289e0e2af78e76be782ea5e432fdd5d04ba,cc_by_4_0_api_2026_08,high,2026-08-23 22:07:26.766016+00,
36e611c1-db75-42d8-abed-c69b612d8a7f,b22c8f53-0204-48f3-bfbc-ccefce4be13b,"""A(PD)""",ca_san_jose.zoning_districts:sha256:eae7823a22e72537d5738d473c6c8289e0e2af78e76be782ea5e432fdd5d04ba,cc_by_4_0_api_2026_08,high,2026-08-23 22:07:26.766016+00,
3701d325-b91b-4a66-b5bf-cd413542f518,eafc409f-315b-4ec9-8e5e-955b0862cb86,"""R-M(CL)""",ca_san_jose.zoning_districts:sha256:eae7823a22e72537d5738d473c6c8289e0e2af78e76be782ea5e432fdd5d04ba,cc_by_4_0_api_2026_08,high,2026-08-23 22:07:26.766016+00,
37125b28-4668-48bb-8707-0e740e325786,f1b44235-ec74-4ca3-a099-fa0f9f3b6da9,"""R-M(PD)""",ca_san_jose.zoning_districts:sha256:eae7823a22e72537d5738d473c6c8289e0e2af78e76be782ea5e432fdd5d04ba,cc_by_4_0_api_2026_08,high,2026-08-23 22:07:26.766016+00,
375330f6-c1b3-4266-a427-246cc01355ca,66a8c5a5-70ef-46e0-8dd8-7a857c65e42d,"""A(PD)""",ca_san_jose.zoning_districts:sha256:eae7823a22e72537d5738d473c6c8289e0e2af78e76be782ea5e432fdd5d04ba,cc_by_4_0_api_2026_08,high,2026-08-23 22:07:26.766016+00,
376c7890-d1ac-43c6-a8a4-6aba2ad4c092,38f37cb7-7127-46c1-afc3-fc242e5d5f25,"""A(PD)""",ca_san_jose.zoning_districts:sha256:eae7823a22e72537d5738d473c6c8289e0e2af78e76be782ea5e432fdd5d04ba,cc_by_4_0_api_2026_08,high,2026-08-23 22:07:26.766016+00,
38037e8e-0eb0-4b9d-8030-577fa1bd1e93,dd39bc56-3e4c-48a1-b3a1-ffe1026789a6,"""A(PD)""",ca_san_jose.zoning_districts:sha256:eae7823a22e72537d5738d473c6c8289e0e2af78e76be782ea5e432fdd5d04ba,cc_by_4_0_api_2026_08,high,2026-08-23 22:07:26.766016+00,
381e6a34-1352-4d72-9a65-a7ea6e7e3bc2,1a5a642f-1ebb-43e1-9eae-0972794af14e,"""A(PD)""",ca_san_jose.zoning_districts:sha256:eae7823a22e72537d5738d473c6c8289e0e2af78e76be782ea5e432fdd5d04ba,cc_by_4_0_api_2026_08,high,2026-08-23 22:07:26.766016+00,
387cd942-8cec-4d87-8b9f-e3ce076dbfed,7953f96d-964d-4d98-8d44-a6dff056797b,"""A(PD)""",ca_san_jose.zoning_districts:sha256:eae7823a22e72537d5738d473c6c8289e0e2af78e76be782ea5e432fdd5d04ba,cc_by_4_0_api_2026_08,high,2026-08-23 22:07:26.766016+00,
38900742-39c9-4363-be95-e06438df5399,51f21e70-7fec-4760-bd20-b48ca06531cf,"""R-1-8""",ca_san_jose.zoning_districts:sha256:eae7823a22e72537d5738d473c6c8289e0e2af78e76be782ea5e432fdd5d04ba,cc_by_4_0_api_2026_08,high,2026-08-23 22:07:26.766016+00,
38cd4a53-46ed-4499-8b61-628dadfff4ab,375f71fd-b5e6-4be4-bfcc-7222686ee040,"""R-1-8(PD)""",ca_san_jose.zoning_districts:sha256:eae7823a22e72537d5738d473c6c8289e0e2af78e76be782ea5e432fdd5d04ba,cc_by_4_0_api_2026_08,high,2026-08-23 22:07:26.766016+00,
38efa4ba-a140-41b0-81b0-cec058b483bb,a8ce2876-6d16-4e63-a0e7-a350f461758b,"""A(PD)""",ca_san_jose.zoning_districts:sha256:eae7823a22e72537d5738d473c6c8289e0e2af78e76be782ea5e432fdd5d04ba,cc_by_4_0_api_2026_08,high,2026-08-23 22:07:26.766016+00,
394126eb-92eb-4b39-88a7-a02ea6c4a1e4,03ca65a5-542e-46b9-a07e-992fcdf571a0,"""A(PD)""",ca_san_jose.zoning_districts:sha256:eae7823a22e72537d5738d473c6c8289e0e2af78e76be782ea5e432fdd5d04ba,cc_by_4_0_api_2026_08,high,2026-08-23 22:07:26.766016+00,
3952eda4-06d4-4d8e-bc8b-0727722288ba,10d0caea-ff95-4bdd-a9dd-15791cf0be95,"""A(PD)""",ca_san_jose.zoning_districts:sha256:eae7823a22e72537d5738d473c6c8289e0e2af78e76be782ea5e432fdd5d04ba,cc_by_4_0_api_2026_08,high,2026-08-23 22:07:26.766016+00,
39d694c0-7f9e-467d-ac19-d235408722bf,b771c5e7-83d6-466d-b89a-0f9a926a08d3,"""A(PD)""",ca_san_jose.zoning_districts:sha256:eae7823a22e72537d5738d473c6c8289e0e2af78e76be782ea5e432fdd5d04ba,cc_by_4_0_api_2026_08,high,2026-08-23 22:07:26.766016+00,
3a0da3ac-0d6c-4dbf-81c9-3a5463041011,2d656491-dbd5-4896-bef3-450c329ea38d,"""A(PD)""",ca_san_jose.zoning_districts:sha256:eae7823a22e72537d5738d473c6c8289e0e2af78e76be782ea5e432fdd5d04ba,cc_by_4_0_api_2026_08,high,2026-08-23 22:07:26.766016+00,
3a8eb5df-86e4-402f-982c-62aae0df38ab,05a81bb1-c669-4e6c-b86b-d64afbc8044c,"""A(PD)""",ca_san_jose.zoning_districts:sha256:eae7823a22e72537d5738d473c6c8289e0e2af78e76be782ea5e432fdd5d04ba,cc_by_4_0_api_2026_08,high,2026-08-23 22:07:26.766016+00,
3acd02ac-dfab-4c71-bce1-400c0b074d18,2f69b52c-a91f-4d73-9405-15106af7b66d,"""A(PD)""",ca_san_jose.zoning_districts:sha256:eae7823a22e72537d5738d473c6c8289e0e2af78e76be782ea5e432fdd5d04ba,cc_by_4_0_api_2026_08,high,2026-08-23 22:07:26.766016+00,
3afae704-8d0c-427d-8405-69e853594fa7,f1eff9d1-0bc9-4558-b48b-d0b76dc09ef3,"""A(PD)""",ca_san_jose.zoning_districts:sha256:eae7823a22e72537d5738d473c6c8289e0e2af78e76be782ea5e432fdd5d04ba,cc_by_4_0_api_2026_08,high,2026-08-23 22:07:26.766016+00,
3b1b9eb3-a1f3-4aa0-8005-d09ea83439b0,0b434276-93ae-471c-99e7-83227e4df93d,"""OS""",ca_san_jose.zoning_districts:sha256:eae7823a22e72537d5738d473c6c8289e0e2af78e76be782ea5e432fdd5d04ba,cc_by_4_0_api_2026_08,high,2026-08-23 22:07:26.766016+00,
3b33de24-0c6b-4a99-9fa6-24315d27e85a,d14c894a-45a9-43e1-81d7-2f42bc41918e,"""R-1-5""",ca_san_jose.zoning_districts:sha256:eae7823a22e72537d5738d473c6c8289e0e2af78e76be782ea5e432fdd5d04ba,cc_by_4_0_api_2026_08,high,2026-08-23 22:07:26.766016+00,
3b5b5108-3f4b-49ab-9f7d-9c8fb6d703b0,9dae878a-58b9-4ee1-9d6a-508a48888ea9,"""A(PD)""",ca_san_jose.zoning_districts:sha256:eae7823a22e72537d5738d473c6c8289e0e2af78e76be782ea5e432fdd5d04ba,cc_by_4_0_api_2026_08,high,2026-08-23 22:07:26.766016+00,
3c64f267-b41f-4604-9c30-d5fd34203513,1c3e9b85-9ba9-418b-956a-21d41672e140,"""A(PD)""",ca_san_jose.zoning_districts:sha256:eae7823a22e72537d5738d473c6c8289e0e2af78e76be782ea5e432fdd5d04ba,cc_by_4_0_api_2026_08,high,2026-08-23 22:07:26.766016+00,
3c663ecb-6a4e-4046-bb89-c01dd0666c5a,c5780b02-52ea-4a85-b424-3a781c41e71f,"""A(PD)""",ca_san_jose.zoning_districts:sha256:eae7823a22e72537d5738d473c6c8289e0e2af78e76be782ea5e432fdd5d04ba,cc_by_4_0_api_2026_08,high,2026-08-23 22:07:26.766016+00,
3c9ad1f5-de72-4f33-8df8-57fe85971135,afd64c6e-26ad-410a-9ed4-a8e2b3fce55c,"""A(PD)""",ca_san_jose.zoning_districts:sha256:eae7823a22e72537d5738d473c6c8289e0e2af78e76be782ea5e432fdd5d04ba,cc_by_4_0_api_2026_08,high,2026-08-23 22:07:26.766016+00,
3cd72168-d709-43bc-b0c8-bc4ec8a309e2,980a5b03-024c-4fa1-8f4d-daa28abad85d,"""R-1-8""",ca_san_jose.zoning_districts:sha256:eae7823a22e72537d5738d473c6c8289e0e2af78e76be782ea5e432fdd5d04ba,cc_by_4_0_api_2026_08,high,2026-08-23 22:07:26.766016+00,
3cf27fc4-4bfd-482b-ac33-d85296e3a992,8cefb7ce-a041-4b1d-be4c-a8f72d3830fa,"""OS""",ca_san_jose.zoning_districts:sha256:eae7823a22e72537d5738d473c6c8289e0e2af78e76be782ea5e432fdd5d04ba,cc_by_4_0_api_2026_08,high,2026-08-23 22:07:26.766016+00,
3d1eb1fa-259e-4442-b32e-7b5b77633994,0bd0ab40-0db2-47b7-b0cc-32fd19178520,"""A(PD)""",ca_san_jose.zoning_districts:sha256:eae7823a22e72537d5738d473c6c8289e0e2af78e76be782ea5e432fdd5d04ba,cc_by_4_0_api_2026_08,high,2026-08-23 22:07:26.766016+00,
3d4e61c2-043a-494e-b1ca-ec74b00ad4c5,0ebb315c-4b0a-41fb-b54c-03a88692c8ec,"""A(PD)""",ca_san_jose.zoning_districts:sha256:eae7823a22e72537d5738d473c6c8289e0e2af78e76be782ea5e432fdd5d04ba,cc_by_4_0_api_2026_08,high,2026-08-23 22:07:26.766016+00,
3db92420-478e-47f1-ae28-ae25e262c8d7,4243b8d3-6fc6-48e1-a3ea-883572762114,"""R-1-8""",ca_san_jose.zoning_districts:sha256:eae7823a22e72537d5738d473c6c8289e0e2af78e76be782ea5e432fdd5d04ba,cc_by_4_0_api_2026_08,high,2026-08-23 22:07:26.766016+00,
3dc890de-028d-49f8-b4a6-f95888c3bfa1,fe0a0449-fc0c-46d0-b295-f761cf56fff1,"""A(PD)""",ca_san_jose.zoning_districts:sha256:eae7823a22e72537d5738d473c6c8289e0e2af78e76be782ea5e432fdd5d04ba,cc_by_4_0_api_2026_08,high,2026-08-23 22:07:26.766016+00,
3e02b238-1575-47cf-81a9-143f1ba3ac9b,0f5e04e4-e2ee-4fb0-b6e5-d93a619aa148,"""A(PD)""",ca_san_jose.zoning_districts:sha256:eae7823a22e72537d5738d473c6c8289e0e2af78e76be782ea5e432fdd5d04ba,cc_by_4_0_api_2026_08,high,2026-08-23 22:07:26.766016+00,
3e5b0a31-ec16-4856-9cb8-7b2c636c4f76,61604f16-0e64-48f1-be99-d4bf291e1dfa,"""A""",ca_san_jose.zoning_districts:sha256:eae7823a22e72537d5738d473c6c8289e0e2af78e76be782ea5e432fdd5d04ba,cc_by_4_0_api_2026_08,high,2026-08-23 22:07:26.766016+00,
3e708b61-dd62-4abd-86e5-55ed7b8db3b9,256b1122-5c44-4cfc-9a7e-04a6a066aed0,"""R-M(PD)""",ca_san_jose.zoning_districts:sha256:eae7823a22e72537d5738d473c6c8289e0e2af78e76be782ea5e432fdd5d04ba,cc_by_4_0_api_2026_08,high,2026-08-23 22:07:26.766016+00,
3e829d26-4dff-4509-aede-1c08dc0ad420,29699fae-bb4e-4ce2-b5c3-fe8ef4898ed2,"""A(PD)""",ca_san_jose.zoning_districts:sha256:eae7823a22e72537d5738d473c6c8289e0e2af78e76be782ea5e432fdd5d04ba,cc_by_4_0_api_2026_08,high,2026-08-23 22:07:26.766016+00,
3e999619-b48e-4704-b7e6-22bb8a4c2f20,ad9b2c51-99de-4382-909d-5f7cdef6063a,"""A(PD)""",ca_san_jose.zoning_districts:sha256:eae7823a22e72537d5738d473c6c8289e0e2af78e76be782ea5e432fdd5d04ba,cc_by_4_0_api_2026_08,high,2026-08-23 22:07:26.766016+00,
3eb004ee-7632-45cb-8454-1c2302b0c533,18a00721-17d5-4251-a5cd-96ef4dbced59,"""DC""",ca_san_jose.zoning_districts:sha256:eae7823a22e72537d5738d473c6c8289e0e2af78e76be782ea5e432fdd5d04ba,cc_by_4_0_api_2026_08,high,2026-08-23 22:07:26.766016+00,
3f337b8b-00d3-443f-9b79-faea041cee07,36c2d8da-065a-47cd-8863-0643adb53658,"""A(PD)""",ca_san_jose.zoning_districts:sha256:eae7823a22e72537d5738d473c6c8289e0e2af78e76be782ea5e432fdd5d04ba,cc_by_4_0_api_2026_08,high,2026-08-23 22:07:26.766016+00,
3f6a0f78-207f-4166-b6f0-f17df85f218f,2ac114e6-1979-4363-bfa3-085c18fcd37a,"""A(PD)""",ca_san_jose.zoning_districts:sha256:eae7823a22e72537d5738d473c6c8289e0e2af78e76be782ea5e432fdd5d04ba,cc_by_4_0_api_2026_08,high,2026-08-23 22:07:26.766016+00,
3f898177-3437-4f26-94f1-2d2815b88a2a,eaf7c424-aee5-44a2-b3c8-4f0fd7ce750a,"""A(PD)""",ca_san_jose.zoning_districts:sha256:eae7823a22e72537d5738d473c6c8289e0e2af78e76be782ea5e432fdd5d04ba,cc_by_4_0_api_2026_08,high,2026-08-23 22:07:26.766016+00,
3f9004de-0fb7-4261-b10b-37a5da2ee7a9,cdccf0cc-343b-4db8-b6ec-67af10d5b6de,"""IP""",ca_san_jose.zoning_districts:sha256:eae7823a22e72537d5738d473c6c8289e0e2af78e76be782ea5e432fdd5d04ba,cc_by_4_0_api_2026_08,high,2026-08-23 22:07:26.766016+00,
3fcaa5dc-933a-47b7-ad02-0d3783534c38,54399da2-7597-4fd3-a0c7-31c1b3f64b27,"""A(PD)""",ca_san_jose.zoning_districts:sha256:eae7823a22e72537d5738d473c6c8289e0e2af78e76be782ea5e432fdd5d04ba,cc_by_4_0_api_2026_08,high,2026-08-23 22:07:26.766016+00,
402ce53b-2430-44cb-99d6-cc78b9d009cd,b7022f9b-d5df-42f2-b205-ffd98a22ab58,"""A(PD)""",ca_san_jose.zoning_districts:sha256:eae7823a22e72537d5738d473c6c8289e0e2af78e76be782ea5e432fdd5d04ba,cc_by_4_0_api_2026_08,high,2026-08-23 22:07:26.766016+00,
405d61ee-e45f-48a9-9218-67d2bd6339c7,7d56aa0a-a479-46ca-98d6-7ddcfd8d697b,"""A(PD)""",ca_san_jose.zoning_districts:sha256:eae7823a22e72537d5738d473c6c8289e0e2af78e76be782ea5e432fdd5d04ba,cc_by_4_0_api_2026_08,high,2026-08-23 22:07:26.766016+00,
408a1796-429a-49d4-a10b-e2bd341d1463,c5aeaedc-2d05-4c5c-98f6-6c5d209b0965,"""A(PD)""",ca_san_jose.zoning_districts:sha256:eae7823a22e72537d5738d473c6c8289e0e2af78e76be782ea5e432fdd5d04ba,cc_by_4_0_api_2026_08,high,2026-08-23 22:07:26.766016+00,
409109c4-bb62-4c42-9986-2f0e350ff7ec,95c186d1-20bc-4302-bfc4-2db80a922f87,"""A(PD)""",ca_san_jose.zoning_districts:sha256:eae7823a22e72537d5738d473c6c8289e0e2af78e76be782ea5e432fdd5d04ba,cc_by_4_0_api_2026_08,high,2026-08-23 22:07:26.766016+00,
40ac3673-e83b-4a5e-86d3-f14259edef95,8134cd6f-2204-4cfb-a26d-dc4512997809,"""A(PD)""",ca_san_jose.zoning_districts:sha256:eae7823a22e72537d5738d473c6c8289e0e2af78e76be782ea5e432fdd5d04ba,cc_by_4_0_api_2026_08,high,2026-08-23 22:07:26.766016+00,
40c136f4-9882-4470-99db-192d08223836,28c0cb83-ce7a-4ff8-aefe-984ad06ba1f7,"""A(PD)""",ca_san_jose.zoning_districts:sha256:eae7823a22e72537d5738d473c6c8289e0e2af78e76be782ea5e432fdd5d04ba,cc_by_4_0_api_2026_08,high,2026-08-23 22:07:26.766016+00,
40edc443-ded8-4d9e-afaf-a03264c9a316,66ec079d-34ce-4f11-a802-e4fcc9d0b7ad,"""A(PD)""",ca_san_jose.zoning_districts:sha256:eae7823a22e72537d5738d473c6c8289e0e2af78e76be782ea5e432fdd5d04ba,cc_by_4_0_api_2026_08,high,2026-08-23 22:07:26.766016+00,
40f59eed-8234-4aab-9a7e-643e82f0b624,ed1255d9-9905-4b7e-9d35-59c9aa178cf7,"""CG""",ca_san_jose.zoning_districts:sha256:eae7823a22e72537d5738d473c6c8289e0e2af78e76be782ea5e432fdd5d04ba,cc_by_4_0_api_2026_08,high,2026-08-23 22:07:26.766016+00,
413a22aa-2925-4e94-8ff8-d275a10466fd,cdbfa357-fae4-4bac-81ff-22cd5e624d8b,"""A(PD)""",ca_san_jose.zoning_districts:sha256:eae7823a22e72537d5738d473c6c8289e0e2af78e76be782ea5e432fdd5d04ba,cc_by_4_0_api_2026_08,high,2026-08-23 22:07:26.766016+00,
419379d6-e61d-447e-8c75-75c3232e1715,337280e1-ed10-4554-a6f3-f54d02e902d7,"""A(PD)""",ca_san_jose.zoning_districts:sha256:eae7823a22e72537d5738d473c6c8289e0e2af78e76be782ea5e432fdd5d04ba,cc_by_4_0_api_2026_08,high,2026-08-23 22:07:26.766016+00,
41c2f51c-af94-49b7-8b01-dfca25cbe33d,ece14e8a-a467-4147-a5ce-8a15f88048f5,"""CP""",ca_san_jose.zoning_districts:sha256:eae7823a22e72537d5738d473c6c8289e0e2af78e76be782ea5e432fdd5d04ba,cc_by_4_0_api_2026_08,high,2026-08-23 22:07:26.766016+00,
4283c93e-ece8-4db6-a70d-449f3118d676,2fdc9141-e734-45e3-9a39-983210d8d9f3,"""HI""",ca_san_jose.zoning_districts:sha256:eae7823a22e72537d5738d473c6c8289e0e2af78e76be782ea5e432fdd5d04ba,cc_by_4_0_api_2026_08,high,2026-08-23 22:07:26.766016+00,
42c5f583-8b97-4838-9c61-c6bd60f7e7d0,5a66672c-2a36-4976-9119-b2ffef89a874,"""A(PD)""",ca_san_jose.zoning_districts:sha256:eae7823a22e72537d5738d473c6c8289e0e2af78e76be782ea5e432fdd5d04ba,cc_by_4_0_api_2026_08,high,2026-08-23 22:07:26.766016+00,
435ad6e7-f063-4f1d-b9f7-9626505ab791,ca5e1ad6-1d59-4114-948e-d845a79d6f03,"""A(PD)""",ca_san_jose.zoning_districts:sha256:eae7823a22e72537d5738d473c6c8289e0e2af78e76be782ea5e432fdd5d04ba,cc_by_4_0_api_2026_08,high,2026-08-23 22:07:26.766016+00,
437ef23f-dd56-4494-8c36-1e907f1db7f9,f37d98e8-1640-4ba5-b618-c4c6aee3833e,"""LI""",ca_san_jose.zoning_districts:sha256:eae7823a22e72537d5738d473c6c8289e0e2af78e76be782ea5e432fdd5d04ba,cc_by_4_0_api_2026_08,high,2026-08-23 22:07:26.766016+00,
438f0416-ff4d-4a8a-9dd6-19f0790d039d,8ed46a8a-15e2-4dd6-ba3a-fe1edad95b3d,"""PQP""",ca_san_jose.zoning_districts:sha256:eae7823a22e72537d5738d473c6c8289e0e2af78e76be782ea5e432fdd5d04ba,cc_by_4_0_api_2026_08,high,2026-08-23 22:07:26.766016+00,
439d577d-add9-408e-a9a9-1cc6af4ae314,44c695a3-1211-4725-a8de-ecd1fd2bee6c,"""A(PD)""",ca_san_jose.zoning_districts:sha256:eae7823a22e72537d5738d473c6c8289e0e2af78e76be782ea5e432fdd5d04ba,cc_by_4_0_api_2026_08,high,2026-08-23 22:07:26.766016+00,
43c59706-0c7c-4a47-82c1-f2958ad9a1b5,5da80cc4-9e35-4bc6-a468-98a44da73597,"""R-1-8""",ca_san_jose.zoning_districts:sha256:eae7823a22e72537d5738d473c6c8289e0e2af78e76be782ea5e432fdd5d04ba,cc_by_4_0_api_2026_08,high,2026-08-23 22:07:26.766016+00,
448c36fb-7ee8-433a-9922-b250f80c8a74,0248e314-afe9-4f18-a669-8df010caa824,"""LI""",ca_san_jose.zoning_districts:sha256:eae7823a22e72537d5738d473c6c8289e0e2af78e76be782ea5e432fdd5d04ba,cc_by_4_0_api_2026_08,high,2026-08-23 22:07:26.766016+00,
44e3d2b7-90bb-4157-ba8b-bc11bd7fcc4a,ba167318-c000-4011-8d88-80bcd930cf9d,"""A(PD)""",ca_san_jose.zoning_districts:sha256:eae7823a22e72537d5738d473c6c8289e0e2af78e76be782ea5e432fdd5d04ba,cc_by_4_0_api_2026_08,high,2026-08-23 22:07:26.766016+00,
45321889-8421-485a-b945-0873412aabe0,48ac006f-896c-47f2-b10d-f9c362194c9d,"""R-1-8(CL)""",ca_san_jose.zoning_districts:sha256:eae7823a22e72537d5738d473c6c8289e0e2af78e76be782ea5e432fdd5d04ba,cc_by_4_0_api_2026_08,high,2026-08-23 22:07:26.766016+00,
45a114e1-d4ad-4871-abeb-fe87bc685f28,0a259ce2-3581-425d-9917-490939b031e1,"""R-1-8""",ca_san_jose.zoning_districts:sha256:eae7823a22e72537d5738d473c6c8289e0e2af78e76be782ea5e432fdd5d04ba,cc_by_4_0_api_2026_08,high,2026-08-23 22:07:26.766016+00,
45ae1cea-3c9d-4287-bc19-8fb8e7d4aa33,a2025ffb-2cd2-43e3-bc70-49b49e5b2b68,"""A(PD)""",ca_san_jose.zoning_districts:sha256:eae7823a22e72537d5738d473c6c8289e0e2af78e76be782ea5e432fdd5d04ba,cc_by_4_0_api_2026_08,high,2026-08-23 22:07:26.766016+00,
45e2ff89-8ec2-4bb4-9dad-f8df2d13bd34,c3af7c5e-82fd-4496-8bad-6547542a9ade,"""OS""",ca_san_jose.zoning_districts:sha256:eae7823a22e72537d5738d473c6c8289e0e2af78e76be782ea5e432fdd5d04ba,cc_by_4_0_api_2026_08,high,2026-08-23 22:07:26.766016+00,
4600b9e1-e63a-40c4-b4bb-99d87c2e9e3a,fb72376d-70d8-45c8-90aa-1e139fb9bf8b,"""R-1-1(PD)""",ca_san_jose.zoning_districts:sha256:eae7823a22e72537d5738d473c6c8289e0e2af78e76be782ea5e432fdd5d04ba,cc_by_4_0_api_2026_08,high,2026-08-23 22:07:26.766016+00,
4609b783-0280-4a3e-8dcf-9190203411dd,d0994820-f836-4cc7-8d60-006e05eec330,"""CG(PD)""",ca_san_jose.zoning_districts:sha256:eae7823a22e72537d5738d473c6c8289e0e2af78e76be782ea5e432fdd5d04ba,cc_by_4_0_api_2026_08,high,2026-08-23 22:07:26.766016+00,
465c901c-ca18-4ea8-b0c2-4c6bda46a02f,1c5321e0-0bac-4b7a-839b-f6d7f6feff88,"""A(PD)""",ca_san_jose.zoning_districts:sha256:eae7823a22e72537d5738d473c6c8289e0e2af78e76be782ea5e432fdd5d04ba,cc_by_4_0_api_2026_08,high,2026-08-23 22:07:26.766016+00,
46c94e92-2436-4eb5-bfd2-ed855679e87b,6380235f-37c6-40c6-a60d-593bcc41bf45,"""A(PD)""",ca_san_jose.zoning_districts:sha256:eae7823a22e72537d5738d473c6c8289e0e2af78e76be782ea5e432fdd5d04ba,cc_by_4_0_api_2026_08,high,2026-08-23 22:07:26.766016+00,
47157e87-111c-4b62-bbe7-39fe42196cfc,3477b824-8355-4483-8978-8bf86c724098,"""DC""",ca_san_jose.zoning_districts:sha256:eae7823a22e72537d5738d473c6c8289e0e2af78e76be782ea5e432fdd5d04ba,cc_by_4_0_api_2026_08,high,2026-08-23 22:07:26.766016+00,
4732efe8-2a1b-4f5d-888c-5152efd1c77c,67b0e8ba-e51e-4cd3-8d06-e5f4648d4068,"""A(PD)""",ca_san_jose.zoning_districts:sha256:eae7823a22e72537d5738d473c6c8289e0e2af78e76be782ea5e432fdd5d04ba,cc_by_4_0_api_2026_08,high,2026-08-23 22:07:26.766016+00,
475e17bf-cf4a-4bd2-95c9-f76b5a03d0ab,09ff220e-9aec-4198-a73c-3f1d3adcaf23,"""A(PD)""",ca_san_jose.zoning_districts:sha256:eae7823a22e72537d5738d473c6c8289e0e2af78e76be782ea5e432fdd5d04ba,cc_by_4_0_api_2026_08,high,2026-08-23 22:07:26.766016+00,
477cf019-3712-4372-9e54-f1f1150329e0,7de93b2b-8496-4958-aab4-9893d249893d,"""DC""",ca_san_jose.zoning_districts:sha256:eae7823a22e72537d5738d473c6c8289e0e2af78e76be782ea5e432fdd5d04ba,cc_by_4_0_api_2026_08,high,2026-08-23 22:07:26.766016+00,
478bb3e4-de15-4b71-8702-95c9cded95e3,2ffdc73b-0edb-4259-9867-c8adedc00d53,"""A(PD)""",ca_san_jose.zoning_districts:sha256:eae7823a22e72537d5738d473c6c8289e0e2af78e76be782ea5e432fdd5d04ba,cc_by_4_0_api_2026_08,high,2026-08-23 22:07:26.766016+00,
47cb73f1-1585-41da-9a5d-c7352238496b,9903c88e-f83f-48da-8c9a-eb01deaebd54,"""A(PD)""",ca_san_jose.zoning_districts:sha256:eae7823a22e72537d5738d473c6c8289e0e2af78e76be782ea5e432fdd5d04ba,cc_by_4_0_api_2026_08,high,2026-08-23 22:07:26.766016+00,
48064598-cf3d-4d0d-b008-e5c8b6d653d4,4efeb1b5-da93-4f3b-830f-a1f91a3b806b,"""A(PD)""",ca_san_jose.zoning_districts:sha256:eae7823a22e72537d5738d473c6c8289e0e2af78e76be782ea5e432fdd5d04ba,cc_by_4_0_api_2026_08,high,2026-08-23 22:07:26.766016+00,
4862163d-495c-4c88-9c69-fcb53ab449d4,bfe67897-edea-4f54-a4ee-d8370a46ceb5,"""OS""",ca_san_jose.zoning_districts:sha256:eae7823a22e72537d5738d473c6c8289e0e2af78e76be782ea5e432fdd5d04ba,cc_by_4_0_api_2026_08,high,2026-08-23 22:07:26.766016+00,
486a355c-3a7c-403e-8845-eed1de10f23e,5b290824-d7a8-48b0-a502-593c69631dbc,"""IP""",ca_san_jose.zoning_districts:sha256:eae7823a22e72537d5738d473c6c8289e0e2af78e76be782ea5e432fdd5d04ba,cc_by_4_0_api_2026_08,high,2026-08-23 22:07:26.766016+00,
48c0bee3-e475-4226-bd56-51bd1a9ab2ba,af9cf6ea-6d18-4e49-b96c-a34d212a0728,"""A(PD)""",ca_san_jose.zoning_districts:sha256:eae7823a22e72537d5738d473c6c8289e0e2af78e76be782ea5e432fdd5d04ba,cc_by_4_0_api_2026_08,high,2026-08-23 22:07:26.766016+00,
48c4cca7-5c82-4d00-b3b6-a3e94eb2805f,c9c2e328-0dfa-43bf-a2c7-2d1e0ed92e15,"""IP(PD)""",ca_san_jose.zoning_districts:sha256:eae7823a22e72537d5738d473c6c8289e0e2af78e76be782ea5e432fdd5d04ba,cc_by_4_0_api_2026_08,high,2026-08-23 22:07:26.766016+00,
49f550f0-cbea-41c3-b398-c205f741c714,f32cb7f3-2f5a-4cbf-bbd0-d9845a9f17f8,"""A(PD)""",ca_san_jose.zoning_districts:sha256:eae7823a22e72537d5738d473c6c8289e0e2af78e76be782ea5e432fdd5d04ba,cc_by_4_0_api_2026_08,high,2026-08-23 22:07:26.766016+00,
4a09cb27-8546-46d0-a303-3aaa49b2a086,49061c3c-599a-46f5-b86c-397d641585d6,"""CG""",ca_san_jose.zoning_districts:sha256:eae7823a22e72537d5738d473c6c8289e0e2af78e76be782ea5e432fdd5d04ba,cc_by_4_0_api_2026_08,high,2026-08-23 22:07:26.766016+00,
4ab357f0-25d3-41a2-95e6-7669a848faaa,13a8ca0d-0eed-465c-8960-03077239703b,"""A(PD)""",ca_san_jose.zoning_districts:sha256:eae7823a22e72537d5738d473c6c8289e0e2af78e76be782ea5e432fdd5d04ba,cc_by_4_0_api_2026_08,high,2026-08-23 22:07:26.766016+00,
4ac18b1a-f897-4d7d-8789-f7a4f39fa357,636583e1-d29b-42e9-90d1-834bdc837ba2,"""A(PD)""",ca_san_jose.zoning_districts:sha256:eae7823a22e72537d5738d473c6c8289e0e2af78e76be782ea5e432fdd5d04ba,cc_by_4_0_api_2026_08,high,2026-08-23 22:07:26.766016+00,
4b1039bf-d5d4-4873-8009-b14443400f51,9ebf0e4b-c310-4c2f-ab4a-ea346fb2df73,"""R-1-8""",ca_san_jose.zoning_districts:sha256:eae7823a22e72537d5738d473c6c8289e0e2af78e76be782ea5e432fdd5d04ba,cc_by_4_0_api_2026_08,high,2026-08-23 22:07:26.766016+00,
4b3d2269-ba1a-4440-ad14-9fe03d59553e,a06614ac-4f5e-40ac-a4e5-c04753133d11,"""A(PD)""",ca_san_jose.zoning_districts:sha256:eae7823a22e72537d5738d473c6c8289e0e2af78e76be782ea5e432fdd5d04ba,cc_by_4_0_api_2026_08,high,2026-08-23 22:07:26.766016+00,
4b76b953-c802-460b-ace7-87534a743e13,2b4ef732-89b1-4793-a642-eeec0bd7b267,"""A(PD)""",ca_san_jose.zoning_districts:sha256:eae7823a22e72537d5738d473c6c8289e0e2af78e76be782ea5e432fdd5d04ba,cc_by_4_0_api_2026_08,high,2026-08-23 22:07:26.766016+00,
4bb4bc61-cc3a-4589-a6cc-7eaad72c703d,6d370796-f957-44cd-9b6c-031746c79d08,"""A(PD)""",ca_san_jose.zoning_districts:sha256:eae7823a22e72537d5738d473c6c8289e0e2af78e76be782ea5e432fdd5d04ba,cc_by_4_0_api_2026_08,high,2026-08-23 22:07:26.766016+00,
4bfb67a8-8030-475f-9ae7-75868d46558d,20c92f95-1983-4fc5-af19-53a6562f6b07,"""A(PD)""",ca_san_jose.zoning_districts:sha256:eae7823a22e72537d5738d473c6c8289e0e2af78e76be782ea5e432fdd5d04ba,cc_by_4_0_api_2026_08,high,2026-08-23 22:07:26.766016+00,
4bfd6f9d-a462-4882-b76a-1e40b31f33cf,cb1c0238-72fd-4240-9d70-0719d785167d,"""A(PD)""",ca_san_jose.zoning_districts:sha256:eae7823a22e72537d5738d473c6c8289e0e2af78e76be782ea5e432fdd5d04ba,cc_by_4_0_api_2026_08,high,2026-08-23 22:07:26.766016+00,
4c0c9539-64da-4786-94a5-7cf976859543,bd9a38d8-e9e5-45f5-a442-43ced39a4265,"""LI""",ca_san_jose.zoning_districts:sha256:eae7823a22e72537d5738d473c6c8289e0e2af78e76be782ea5e432fdd5d04ba,cc_by_4_0_api_2026_08,high,2026-08-23 22:07:26.766016+00,
4c40f1dd-0ec2-4622-bf75-62136fbb8b89,fb0b5c5f-a90c-458a-82dc-7ce2e8c281f2,"""A(PD)""",ca_san_jose.zoning_districts:sha256:eae7823a22e72537d5738d473c6c8289e0e2af78e76be782ea5e432fdd5d04ba,cc_by_4_0_api_2026_08,high,2026-08-23 22:07:26.766016+00,
4c733c3c-03a7-4467-b195-eef76aa3bfdb,9a6deaf4-8f96-4d9e-a1d6-ec0196a1df3a,"""IP(PD)""",ca_san_jose.zoning_districts:sha256:eae7823a22e72537d5738d473c6c8289e0e2af78e76be782ea5e432fdd5d04ba,cc_by_4_0_api_2026_08,high,2026-08-23 22:07:26.766016+00,
4cf882db-702b-48c4-98fb-7d565bb537af,8f067724-fe4d-4c94-8221-ca95edd227fb,"""A(PD)""",ca_san_jose.zoning_districts:sha256:eae7823a22e72537d5738d473c6c8289e0e2af78e76be782ea5e432fdd5d04ba,cc_by_4_0_api_2026_08,high,2026-08-23 22:07:26.766016+00,
4d44b1fb-9e40-4280-8dad-97417e180bce,cf13bde5-c21a-48a2-844c-4980ac2090a3,"""A(PD)""",ca_san_jose.zoning_districts:sha256:eae7823a22e72537d5738d473c6c8289e0e2af78e76be782ea5e432fdd5d04ba,cc_by_4_0_api_2026_08,high,2026-08-23 22:07:26.766016+00,
4d671db5-55ec-4fdc-9970-2963bf8650de,0c6b81af-3408-4bf7-b4da-aabfdf3fb66e,"""A(PD)""",ca_san_jose.zoning_districts:sha256:eae7823a22e72537d5738d473c6c8289e0e2af78e76be782ea5e432fdd5d04ba,cc_by_4_0_api_2026_08,high,2026-08-23 22:07:26.766016+00,
4d7cd1f8-b8fc-4c5e-aa6d-23af60680e19,bf9786ef-93d1-4926-8978-9e1a8d9fb1ad,"""A(PD)""",ca_san_jose.zoning_districts:sha256:eae7823a22e72537d5738d473c6c8289e0e2af78e76be782ea5e432fdd5d04ba,cc_by_4_0_api_2026_08,high,2026-08-23 22:07:26.766016+00,
4dbb18cc-e7ea-4e9f-879e-bbb350100fe0,67a1f78b-aec1-45f3-9f95-f51f39a42403,"""PQP""",ca_san_jose.zoning_districts:sha256:eae7823a22e72537d5738d473c6c8289e0e2af78e76be782ea5e432fdd5d04ba,cc_by_4_0_api_2026_08,high,2026-08-23 22:07:26.766016+00,
4dd6a849-76f8-4144-a18b-365fba2a3c45,c84676f7-b25d-4df2-994f-c3daec91e8e0,"""A(PD)""",ca_san_jose.zoning_districts:sha256:eae7823a22e72537d5738d473c6c8289e0e2af78e76be782ea5e432fdd5d04ba,cc_by_4_0_api_2026_08,high,2026-08-23 22:07:26.766016+00,
4f6590d4-3f13-4219-8c7d-4eed2fc0904d,ccc8ac15-1bc9-4018-a375-309f98561bb1,"""A(PD)""",ca_san_jose.zoning_districts:sha256:eae7823a22e72537d5738d473c6c8289e0e2af78e76be782ea5e432fdd5d04ba,cc_by_4_0_api_2026_08,high,2026-08-23 22:07:26.766016+00,
4fa0e71a-1127-49aa-bee5-36b48c9eae02,171e5ba9-6bbe-404c-ada5-d8f4b7b5d41b,"""A(PD)""",ca_san_jose.zoning_districts:sha256:eae7823a22e72537d5738d473c6c8289e0e2af78e76be782ea5e432fdd5d04ba,cc_by_4_0_api_2026_08,high,2026-08-23 22:07:26.766016+00,
4feb991e-9610-4f69-bf37-8b8b3c4f37c6,723a9a6c-15eb-43bf-9264-a94df004be83,"""A(PD)""",ca_san_jose.zoning_districts:sha256:eae7823a22e72537d5738d473c6c8289e0e2af78e76be782ea5e432fdd5d04ba,cc_by_4_0_api_2026_08,high,2026-08-23 22:07:26.766016+00,
5075e667-6c53-40c2-9025-492abde552da,ef16f535-0671-4ebd-acec-7acb82f00aa4,"""A(PD)""",ca_san_jose.zoning_districts:sha256:eae7823a22e72537d5738d473c6c8289e0e2af78e76be782ea5e432fdd5d04ba,cc_by_4_0_api_2026_08,high,2026-08-23 22:07:26.766016+00,
50d969dc-669c-42fe-9f39-18cd7684eb01,c96f9cc5-66e6-4b69-bc39-49f8ec42a117,"""A(PD)""",ca_san_jose.zoning_districts:sha256:eae7823a22e72537d5738d473c6c8289e0e2af78e76be782ea5e432fdd5d04ba,cc_by_4_0_api_2026_08,high,2026-08-23 22:07:26.766016+00,
50de704e-d9b5-4d8a-a074-83f3f9b79f42,0ae04e50-b5fc-42df-b524-75ec752e8c8a,"""A(PD)""",ca_san_jose.zoning_districts:sha256:eae7823a22e72537d5738d473c6c8289e0e2af78e76be782ea5e432fdd5d04ba,cc_by_4_0_api_2026_08,high,2026-08-23 22:07:26.766016+00,
514787ee-ba1e-4648-bc8e-9f60afc9391a,459b6e33-15e0-416d-b1b5-905c8ab6db0d,"""A(PD)""",ca_san_jose.zoning_districts:sha256:eae7823a22e72537d5738d473c6c8289e0e2af78e76be782ea5e432fdd5d04ba,cc_by_4_0_api_2026_08,high,2026-08-23 22:07:26.766016+00,
519bfd7b-0857-445d-82d7-ebd6fc40ef4e,c1d9063f-a6d6-44ae-907f-0a3d06e54cea,"""OS""",ca_san_jose.zoning_districts:sha256:eae7823a22e72537d5738d473c6c8289e0e2af78e76be782ea5e432fdd5d04ba,cc_by_4_0_api_2026_08,high,2026-08-23 22:07:26.766016+00,
519cae6b-ffe4-47b0-8662-9db84d639f00,8c21ccdf-207e-47dd-a617-22e39439195b,"""A(PD)""",ca_san_jose.zoning_districts:sha256:eae7823a22e72537d5738d473c6c8289e0e2af78e76be782ea5e432fdd5d04ba,cc_by_4_0_api_2026_08,high,2026-08-23 22:07:26.766016+00,
51d0977e-1f08-45d6-b211-1ec1cc8ee636,f6099f58-aabe-4417-994f-756ba7451685,"""A(PD)""",ca_san_jose.zoning_districts:sha256:eae7823a22e72537d5738d473c6c8289e0e2af78e76be782ea5e432fdd5d04ba,cc_by_4_0_api_2026_08,high,2026-08-23 22:07:26.766016+00,
51e840ac-f403-4aa5-b2e9-a53c566e2fc0,67e84ae4-ed0a-4d27-b5f1-1d14fd1e3110,"""R-1-8""",ca_san_jose.zoning_districts:sha256:eae7823a22e72537d5738d473c6c8289e0e2af78e76be782ea5e432fdd5d04ba,cc_by_4_0_api_2026_08,high,2026-08-23 22:07:26.766016+00,
52314bf7-d153-4fe6-a0da-8a369c5b92b6,cd8506a4-f2fe-4125-9fa8-552ae097ad72,"""IP""",ca_san_jose.zoning_districts:sha256:eae7823a22e72537d5738d473c6c8289e0e2af78e76be782ea5e432fdd5d04ba,cc_by_4_0_api_2026_08,high,2026-08-23 22:07:26.766016+00,
52a3afe7-9ed8-429d-a4ef-7c480dee137e,fb09094a-4c96-4a5f-bb6b-6eed9a0047ed,"""A(PD)""",ca_san_jose.zoning_districts:sha256:eae7823a22e72537d5738d473c6c8289e0e2af78e76be782ea5e432fdd5d04ba,cc_by_4_0_api_2026_08,high,2026-08-23 22:07:26.766016+00,
5301a142-e178-485c-afbb-11a75cb95a29,8874ed4d-fcab-4a26-bbeb-a8bff046b109,"""R-2""",ca_san_jose.zoning_districts:sha256:eae7823a22e72537d5738d473c6c8289e0e2af78e76be782ea5e432fdd5d04ba,cc_by_4_0_api_2026_08,high,2026-08-23 22:07:26.766016+00,
53160493-1b7b-4b79-8db6-27623b7f75c9,7cf4728e-426f-48ed-81db-ee7b1da79dea,"""A(PD)""",ca_san_jose.zoning_districts:sha256:eae7823a22e72537d5738d473c6c8289e0e2af78e76be782ea5e432fdd5d04ba,cc_by_4_0_api_2026_08,high,2026-08-23 22:07:26.766016+00,
5444725a-d1e0-4a8b-8e89-e68c830dd43f,5093051e-d58b-400a-90df-2373a6e91172,"""R-1-2(PD)""",ca_san_jose.zoning_districts:sha256:eae7823a22e72537d5738d473c6c8289e0e2af78e76be782ea5e432fdd5d04ba,cc_by_4_0_api_2026_08,high,2026-08-23 22:07:26.766016+00,
547d3699-1d9b-4ad8-9691-3ddf49aa4b8d,5b9b5fb3-7f72-42eb-8133-c333af8a56d1,"""A(PD)""",ca_san_jose.zoning_districts:sha256:eae7823a22e72537d5738d473c6c8289e0e2af78e76be782ea5e432fdd5d04ba,cc_by_4_0_api_2026_08,high,2026-08-23 22:07:26.766016+00,
547f1154-117c-489e-a951-f13bff6a064f,85a88e97-1931-4fd3-9f5e-822e783f0524,"""A(PD)""",ca_san_jose.zoning_districts:sha256:eae7823a22e72537d5738d473c6c8289e0e2af78e76be782ea5e432fdd5d04ba,cc_by_4_0_api_2026_08,high,2026-08-23 22:07:26.766016+00,
55127bc6-2bc8-439f-a133-b76d9096c8cb,9861e18b-9a51-4129-8a49-21ad2ef1dd37,"""R-1-8(PD)""",ca_san_jose.zoning_districts:sha256:eae7823a22e72537d5738d473c6c8289e0e2af78e76be782ea5e432fdd5d04ba,cc_by_4_0_api_2026_08,high,2026-08-23 22:07:26.766016+00,
5529422b-d0c4-4ebe-8ca6-67dc0dd368e6,97a90d2b-4c33-4db8-a479-459e97d37f69,"""A(PD)""",ca_san_jose.zoning_districts:sha256:eae7823a22e72537d5738d473c6c8289e0e2af78e76be782ea5e432fdd5d04ba,cc_by_4_0_api_2026_08,high,2026-08-23 22:07:26.766016+00,
5530cab4-8fa8-4148-8c02-51ec4db89782,1ac5fb6b-fbae-4da2-8ad1-96553e263b40,"""A(PD)""",ca_san_jose.zoning_districts:sha256:eae7823a22e72537d5738d473c6c8289e0e2af78e76be782ea5e432fdd5d04ba,cc_by_4_0_api_2026_08,high,2026-08-23 22:07:26.766016+00,
554d5b96-def5-4304-b09d-d7f2f9fd2d76,023ac168-b9ce-46a0-b95c-d53732c8f9d3,"""A(PD)""",ca_san_jose.zoning_districts:sha256:eae7823a22e72537d5738d473c6c8289e0e2af78e76be782ea5e432fdd5d04ba,cc_by_4_0_api_2026_08,high,2026-08-23 22:07:26.766016+00,
55608dba-e696-4426-b3f6-4d849b5e3e5d,12f4be55-e765-4d53-b344-0a39beda9012,"""A(PD)""",ca_san_jose.zoning_districts:sha256:eae7823a22e72537d5738d473c6c8289e0e2af78e76be782ea5e432fdd5d04ba,cc_by_4_0_api_2026_08,high,2026-08-23 22:07:26.766016+00,
557cc8c5-d38f-4f33-9e42-899bdb38076f,4fa48bab-e022-4650-8415-0938a4f688a8,"""R-1-5(PD)""",ca_san_jose.zoning_districts:sha256:eae7823a22e72537d5738d473c6c8289e0e2af78e76be782ea5e432fdd5d04ba,cc_by_4_0_api_2026_08,high,2026-08-23 22:07:26.766016+00,
558d7e0b-311e-492f-b04c-9a3f3129c6df,ad0a5eab-4265-45b4-8fc9-927e40653847,"""A(PD)""",ca_san_jose.zoning_districts:sha256:eae7823a22e72537d5738d473c6c8289e0e2af78e76be782ea5e432fdd5d04ba,cc_by_4_0_api_2026_08,high,2026-08-23 22:07:26.766016+00,
55c012e4-5f93-4450-848b-2db569973449,dd9369d9-e7fe-430c-9eaf-9b83686f0c0e,"""A(PD)""",ca_san_jose.zoning_districts:sha256:eae7823a22e72537d5738d473c6c8289e0e2af78e76be782ea5e432fdd5d04ba,cc_by_4_0_api_2026_08,high,2026-08-23 22:07:26.766016+00,
5613dcff-0ed5-424d-bba3-b5dc41ebeb3e,14308150-c44b-488c-80ed-8aecfda3ab5a,"""IP(PD)""",ca_san_jose.zoning_districts:sha256:eae7823a22e72537d5738d473c6c8289e0e2af78e76be782ea5e432fdd5d04ba,cc_by_4_0_api_2026_08,high,2026-08-23 22:07:26.766016+00,
5651ab2e-abd7-4ec4-a8e5-441860dff7b3,8ecbd38e-4076-47c2-82f3-0be9bdb04dd9,"""A(PD)""",ca_san_jose.zoning_districts:sha256:eae7823a22e72537d5738d473c6c8289e0e2af78e76be782ea5e432fdd5d04ba,cc_by_4_0_api_2026_08,high,2026-08-23 22:07:26.766016+00,
56e0cdd3-9814-4e99-bf79-61d7a7d6ea95,acd214d2-5be6-4682-a2af-9490345a818a,"""A(PD)""",ca_san_jose.zoning_districts:sha256:eae7823a22e72537d5738d473c6c8289e0e2af78e76be782ea5e432fdd5d04ba,cc_by_4_0_api_2026_08,high,2026-08-23 22:07:26.766016+00,
5789d06a-dc69-4991-9ae3-315ba678cad3,3c5c1f2d-5051-4fb5-bf80-87df138ec8b0,"""A(PD)""",ca_san_jose.zoning_districts:sha256:eae7823a22e72537d5738d473c6c8289e0e2af78e76be782ea5e432fdd5d04ba,cc_by_4_0_api_2026_08,high,2026-08-23 22:07:26.766016+00,
579c3171-209a-4cfd-8baf-80b4f13c59c1,498eb388-43de-4335-b575-466f74d2eb9b,"""R-M(PD)""",ca_san_jose.zoning_districts:sha256:eae7823a22e72537d5738d473c6c8289e0e2af78e76be782ea5e432fdd5d04ba,cc_by_4_0_api_2026_08,high,2026-08-23 22:07:26.766016+00,
57ca0fe1-871b-44e8-8d3d-ae67c646603a,7ba1bd04-8031-4314-9a84-e1f17f510d18,"""A(PD)""",ca_san_jose.zoning_districts:sha256:eae7823a22e72537d5738d473c6c8289e0e2af78e76be782ea5e432fdd5d04ba,cc_by_4_0_api_2026_08,high,2026-08-23 22:07:26.766016+00,
583fb467-8e4e-4971-922e-ccbbc1c917f5,a1eeca89-f6c9-4a50-9d7f-36d282d7c804,"""IP""",ca_san_jose.zoning_districts:sha256:eae7823a22e72537d5738d473c6c8289e0e2af78e76be782ea5e432fdd5d04ba,cc_by_4_0_api_2026_08,high,2026-08-23 22:07:26.766016+00,
587d0887-62a0-478c-bb22-f73d58d2f4d5,a4666503-3f39-4253-a77f-2d4deb6aeb6a,"""A(PD)""",ca_san_jose.zoning_districts:sha256:eae7823a22e72537d5738d473c6c8289e0e2af78e76be782ea5e432fdd5d04ba,cc_by_4_0_api_2026_08,high,2026-08-23 22:07:26.766016+00,
58b5db48-5b25-4a28-a830-062a58a17d92,c1778d63-8dd6-447a-9f9f-a3b4e6bfa5b8,"""A(PD)""",ca_san_jose.zoning_districts:sha256:eae7823a22e72537d5738d473c6c8289e0e2af78e76be782ea5e432fdd5d04ba,cc_by_4_0_api_2026_08,high,2026-08-23 22:07:26.766016+00,
58ddec01-38f0-40c6-80f6-a0fc7207030d,ec01fff9-837c-4258-a941-32f75f111f1b,"""A(PD)""",ca_san_jose.zoning_districts:sha256:eae7823a22e72537d5738d473c6c8289e0e2af78e76be782ea5e432fdd5d04ba,cc_by_4_0_api_2026_08,high,2026-08-23 22:07:26.766016+00,
58de63cc-4c8c-4d40-b254-c280ba774cd7,87a46680-6923-4836-9a5f-d633c2ab488b,"""A(PD)""",ca_san_jose.zoning_districts:sha256:eae7823a22e72537d5738d473c6c8289e0e2af78e76be782ea5e432fdd5d04ba,cc_by_4_0_api_2026_08,high,2026-08-23 22:07:26.766016+00,
590b0e25-11a7-4c17-94e2-71ce19d14f0a,173578e4-25f0-41ad-914f-22be3f81efb2,"""A(PD)""",ca_san_jose.zoning_districts:sha256:eae7823a22e72537d5738d473c6c8289e0e2af78e76be782ea5e432fdd5d04ba,cc_by_4_0_api_2026_08,high,2026-08-23 22:07:26.766016+00,
593c01a8-fe68-4b01-8a61-0022d94818a5,bee7861d-a3c9-464c-8bf4-6541cb2ad5f6,"""TR""",ca_san_jose.zoning_districts:sha256:eae7823a22e72537d5738d473c6c8289e0e2af78e76be782ea5e432fdd5d04ba,cc_by_4_0_api_2026_08,high,2026-08-23 22:07:26.766016+00,
59a68d4e-0b2d-42b2-9530-2a6a27a28f24,75671f85-9184-4802-830c-da446ab461d1,"""A(PD)""",ca_san_jose.zoning_districts:sha256:eae7823a22e72537d5738d473c6c8289e0e2af78e76be782ea5e432fdd5d04ba,cc_by_4_0_api_2026_08,high,2026-08-23 22:07:26.766016+00,
5a051fab-4dd1-4fcb-9d01-1f4471200004,fa913365-3a54-43bb-8ceb-5a9fd141b44e,"""A""",ca_san_jose.zoning_districts:sha256:eae7823a22e72537d5738d473c6c8289e0e2af78e76be782ea5e432fdd5d04ba,cc_by_4_0_api_2026_08,high,2026-08-23 22:07:26.766016+00,
5a86a9bd-4749-437f-9007-b537b5f67e46,ffe1629f-0ffc-4dd2-9174-2b3d598f6189,"""CP(PD)""",ca_san_jose.zoning_districts:sha256:eae7823a22e72537d5738d473c6c8289e0e2af78e76be782ea5e432fdd5d04ba,cc_by_4_0_api_2026_08,high,2026-08-23 22:07:26.766016+00,
5a92928e-908f-4249-ac38-9bca6b56e80e,984a5884-aeda-4bb3-9bfe-880ccd2ea271,"""A(PD)""",ca_san_jose.zoning_districts:sha256:eae7823a22e72537d5738d473c6c8289e0e2af78e76be782ea5e432fdd5d04ba,cc_by_4_0_api_2026_08,high,2026-08-23 22:07:26.766016+00,
5aaaa386-b8c0-4343-bff4-38022383c844,d9706abc-eb86-45c5-9598-f067aa240e41,"""IP(PD)""",ca_san_jose.zoning_districts:sha256:eae7823a22e72537d5738d473c6c8289e0e2af78e76be782ea5e432fdd5d04ba,cc_by_4_0_api_2026_08,high,2026-08-23 22:07:26.766016+00,
5aad6447-8e92-487c-8b34-2baaf751da0d,a1849be5-8bba-4473-8e87-e4d4d341ba4d,"""A(PD)""",ca_san_jose.zoning_districts:sha256:eae7823a22e72537d5738d473c6c8289e0e2af78e76be782ea5e432fdd5d04ba,cc_by_4_0_api_2026_08,high,2026-08-23 22:07:26.766016+00,
5ac3f14e-a2bc-4ef5-80e6-ddd697da9e55,20724720-f8ae-4ba5-86d0-24f609fe7593,"""A(PD)""",ca_san_jose.zoning_districts:sha256:eae7823a22e72537d5738d473c6c8289e0e2af78e76be782ea5e432fdd5d04ba,cc_by_4_0_api_2026_08,high,2026-08-23 22:07:26.766016+00,
5af90060-3b61-4b80-a062-efd77817857e,f0e037b5-5980-4948-b034-fd69334b5d25,"""A(PD)""",ca_san_jose.zoning_districts:sha256:eae7823a22e72537d5738d473c6c8289e0e2af78e76be782ea5e432fdd5d04ba,cc_by_4_0_api_2026_08,high,2026-08-23 22:07:26.766016+00,
5b1f7ef4-5c38-45fc-a2c7-78f0bdce2146,d3fce909-7b00-4952-9078-bfd500025403,"""A(PD)""",ca_san_jose.zoning_districts:sha256:eae7823a22e72537d5738d473c6c8289e0e2af78e76be782ea5e432fdd5d04ba,cc_by_4_0_api_2026_08,high,2026-08-23 22:07:26.766016+00,
5b337686-57df-498b-8aa0-41f108dec3bd,211867ad-35ef-49ba-9aa1-b8ce5df501ba,"""CP""",ca_san_jose.zoning_districts:sha256:eae7823a22e72537d5738d473c6c8289e0e2af78e76be782ea5e432fdd5d04ba,cc_by_4_0_api_2026_08,high,2026-08-23 22:07:26.766016+00,
5b45f8de-846b-4b3c-9537-3648769e0646,1dea3f0f-fb7c-4660-8fd2-95f7fd1b3733,"""OS""",ca_san_jose.zoning_districts:sha256:eae7823a22e72537d5738d473c6c8289e0e2af78e76be782ea5e432fdd5d04ba,cc_by_4_0_api_2026_08,high,2026-08-23 22:07:26.766016+00,
5b952e28-469c-4dfa-9cb3-1e7252b1df82,c3281a5d-0839-4c83-b91c-a87f4adaebf5,"""OS""",ca_san_jose.zoning_districts:sha256:eae7823a22e72537d5738d473c6c8289e0e2af78e76be782ea5e432fdd5d04ba,cc_by_4_0_api_2026_08,high,2026-08-23 22:07:26.766016+00,
5c022d9c-e002-4226-b679-0e7ed2a33f76,d3d89abb-1f37-4e0c-829f-61bcca42d21a,"""OS""",ca_san_jose.zoning_districts:sha256:eae7823a22e72537d5738d473c6c8289e0e2af78e76be782ea5e432fdd5d04ba,cc_by_4_0_api_2026_08,high,2026-08-23 22:07:26.766016+00,
5c1b8cbc-4acb-43cf-a6dd-345080f0fe54,b339870f-edf6-49af-bdff-51bd1c6f3637,"""A(PD)""",ca_san_jose.zoning_districts:sha256:eae7823a22e72537d5738d473c6c8289e0e2af78e76be782ea5e432fdd5d04ba,cc_by_4_0_api_2026_08,high,2026-08-23 22:07:26.766016+00,
5c2168c8-022c-4137-ac09-2b29d1504318,d2525730-bb58-4d8f-ae37-ee7c61a50b77,"""A(PD)""",ca_san_jose.zoning_districts:sha256:eae7823a22e72537d5738d473c6c8289e0e2af78e76be782ea5e432fdd5d04ba,cc_by_4_0_api_2026_08,high,2026-08-23 22:07:26.766016+00,
5c815a68-35c7-4cf7-bfad-164745557e4c,e804bd57-ca70-4013-8c35-ba42e8e42b40,"""A(PD)""",ca_san_jose.zoning_districts:sha256:eae7823a22e72537d5738d473c6c8289e0e2af78e76be782ea5e432fdd5d04ba,cc_by_4_0_api_2026_08,high,2026-08-23 22:07:26.766016+00,
5cb03be7-61bc-4dd7-991a-d2ba3495ce99,0caa36a0-6ad2-42a6-94f0-8408f2e6f41c,"""A(PD)""",ca_san_jose.zoning_districts:sha256:eae7823a22e72537d5738d473c6c8289e0e2af78e76be782ea5e432fdd5d04ba,cc_by_4_0_api_2026_08,high,2026-08-23 22:07:26.766016+00,
5ccc3dca-a691-4653-97f0-c98e69c93c71,d7824336-514b-4ece-bf1a-91032f735c13,"""A(PD)""",ca_san_jose.zoning_districts:sha256:eae7823a22e72537d5738d473c6c8289e0e2af78e76be782ea5e432fdd5d04ba,cc_by_4_0_api_2026_08,high,2026-08-23 22:07:26.766016+00,
5cdf7481-a5b6-49f3-b00e-b619496ef65e,83a5d5dc-653b-4481-88fe-fdb413d09ca4,"""A(PD)""",ca_san_jose.zoning_districts:sha256:eae7823a22e72537d5738d473c6c8289e0e2af78e76be782ea5e432fdd5d04ba,cc_by_4_0_api_2026_08,high,2026-08-23 22:07:26.766016+00,
5d359a2c-481c-4ef7-bb42-6c5100e43261,1f15ca62-6900-40ea-a9be-30ed7d4bbd65,"""R-M(PD)""",ca_san_jose.zoning_districts:sha256:eae7823a22e72537d5738d473c6c8289e0e2af78e76be782ea5e432fdd5d04ba,cc_by_4_0_api_2026_08,high,2026-08-23 22:07:26.766016+00,
5d521de5-5fba-45f6-bd36-3bc2d3c9f579,cd9832b9-d98b-4a34-867e-2dfee853610e,"""A(PD)""",ca_san_jose.zoning_districts:sha256:eae7823a22e72537d5738d473c6c8289e0e2af78e76be782ea5e432fdd5d04ba,cc_by_4_0_api_2026_08,high,2026-08-23 22:07:26.766016+00,
5d9651c3-f721-4ea9-b223-d1e54e5ca421,9d8bf390-eabb-4ac4-821c-d878c0338d33,"""A(PD)""",ca_san_jose.zoning_districts:sha256:eae7823a22e72537d5738d473c6c8289e0e2af78e76be782ea5e432fdd5d04ba,cc_by_4_0_api_2026_08,high,2026-08-23 22:07:26.766016+00,
5ded37d8-505e-4fb1-9d3c-55094520213f,297d1f62-9b01-4233-8ad5-88f8622982e8,"""A(PD)""",ca_san_jose.zoning_districts:sha256:eae7823a22e72537d5738d473c6c8289e0e2af78e76be782ea5e432fdd5d04ba,cc_by_4_0_api_2026_08,high,2026-08-23 22:07:26.766016+00,
5eace7e9-7837-4844-a913-a6143fb22f2d,2a0d1e57-ea7e-4ee4-8ae8-c1b54ac519c9,"""OS""",ca_san_jose.zoning_districts:sha256:eae7823a22e72537d5738d473c6c8289e0e2af78e76be782ea5e432fdd5d04ba,cc_by_4_0_api_2026_08,high,2026-08-23 22:07:26.766016+00,
5eb487f2-15eb-44d7-8afc-b3d40c8a5998,1f6a59f8-0852-414b-a369-25590862100d,"""A(PD)""",ca_san_jose.zoning_districts:sha256:eae7823a22e72537d5738d473c6c8289e0e2af78e76be782ea5e432fdd5d04ba,cc_by_4_0_api_2026_08,high,2026-08-23 22:07:26.766016+00,
5eb944f0-1f75-46f0-a169-182fab413070,ba29c201-d466-4d20-9190-7170a068485d,"""A(PD)""",ca_san_jose.zoning_districts:sha256:eae7823a22e72537d5738d473c6c8289e0e2af78e76be782ea5e432fdd5d04ba,cc_by_4_0_api_2026_08,high,2026-08-23 22:07:26.766016+00,
5f04daed-b6db-45d9-915e-ed9057d4e648,2f950743-2840-4b5d-815f-3e0c09ba03dd,"""A(PD)""",ca_san_jose.zoning_districts:sha256:eae7823a22e72537d5738d473c6c8289e0e2af78e76be782ea5e432fdd5d04ba,cc_by_4_0_api_2026_08,high,2026-08-23 22:07:26.766016+00,
5f1e3f5b-ee9e-4256-b4d7-3927f6de7efe,2ffdd3b2-d67f-4c91-9465-8a7a7cf6b627,"""A(PD)""",ca_san_jose.zoning_districts:sha256:eae7823a22e72537d5738d473c6c8289e0e2af78e76be782ea5e432fdd5d04ba,cc_by_4_0_api_2026_08,high,2026-08-23 22:07:26.766016+00,
5fd2ea91-04dc-4003-afe8-4b3912383c69,682a90e6-2a5c-45fa-9a15-4546d578b3e8,"""A(PD)""",ca_san_jose.zoning_districts:sha256:eae7823a22e72537d5738d473c6c8289e0e2af78e76be782ea5e432fdd5d04ba,cc_by_4_0_api_2026_08,high,2026-08-23 22:07:26.766016+00,
5fd4c7aa-b81a-48a5-be80-a22cb0fcc475,6d65ef95-0a73-42ea-8af0-150a56f3385c,"""CG""",ca_san_jose.zoning_districts:sha256:eae7823a22e72537d5738d473c6c8289e0e2af78e76be782ea5e432fdd5d04ba,cc_by_4_0_api_2026_08,high,2026-08-23 22:07:26.766016+00,
5fd9eb99-182a-467f-9cb8-1959f8b1e61a,811e215d-199b-49d3-be67-acf1c27a2466,"""A(PD)""",ca_san_jose.zoning_districts:sha256:eae7823a22e72537d5738d473c6c8289e0e2af78e76be782ea5e432fdd5d04ba,cc_by_4_0_api_2026_08,high,2026-08-23 22:07:26.766016+00,
5fe93aff-4930-41bb-8f43-5a9c8e9001de,de5cd168-7342-4485-8ccc-53d8174a6dc0,"""CG""",ca_san_jose.zoning_districts:sha256:eae7823a22e72537d5738d473c6c8289e0e2af78e76be782ea5e432fdd5d04ba,cc_by_4_0_api_2026_08,high,2026-08-23 22:07:26.766016+00,
5fffae4e-30f7-4b54-8c2b-9fbf16f94cf0,5d56d50b-8181-43e8-aa90-e7c61a98ecdc,"""A(PD)""",ca_san_jose.zoning_districts:sha256:eae7823a22e72537d5738d473c6c8289e0e2af78e76be782ea5e432fdd5d04ba,cc_by_4_0_api_2026_08,high,2026-08-23 22:07:26.766016+00,
603c7cb5-00a4-4919-88ea-a67d427072f1,ef8ccd3c-953a-463f-9eed-3e4e3a4c92f9,"""A(PD)""",ca_san_jose.zoning_districts:sha256:eae7823a22e72537d5738d473c6c8289e0e2af78e76be782ea5e432fdd5d04ba,cc_by_4_0_api_2026_08,high,2026-08-23 22:07:26.766016+00,
60a20d50-4784-4e7f-946e-5aa5eadfdcea,071e3421-24f8-458b-8159-5455c2fae24c,"""A(PD)""",ca_san_jose.zoning_districts:sha256:eae7823a22e72537d5738d473c6c8289e0e2af78e76be782ea5e432fdd5d04ba,cc_by_4_0_api_2026_08,high,2026-08-23 22:07:26.766016+00,
60cf292a-9a34-4675-9385-05f23fe92081,278d4e57-8f5e-4cf8-b3b1-c06fe450ade6,"""A(PD)""",ca_san_jose.zoning_districts:sha256:eae7823a22e72537d5738d473c6c8289e0e2af78e76be782ea5e432fdd5d04ba,cc_by_4_0_api_2026_08,high,2026-08-23 22:07:26.766016+00,
60debfae-98ab-4d42-8376-afe0187d05f6,cb20b90e-d372-409e-bcde-c51e34850976,"""A(PD)""",ca_san_jose.zoning_districts:sha256:eae7823a22e72537d5738d473c6c8289e0e2af78e76be782ea5e432fdd5d04ba,cc_by_4_0_api_2026_08,high,2026-08-23 22:07:26.766016+00,
617b953c-bbd3-4811-b7e2-7b43e01b5a53,152e92c3-1d10-4d08-8e75-3ea78f24efec,"""A(PD)""",ca_san_jose.zoning_districts:sha256:eae7823a22e72537d5738d473c6c8289e0e2af78e76be782ea5e432fdd5d04ba,cc_by_4_0_api_2026_08,high,2026-08-23 22:07:26.766016+00,
631eb51b-1372-4ed8-a959-0cf310d6ef92,d6037e2f-b4b5-402a-979f-98984cb3e381,"""A(PD)""",ca_san_jose.zoning_districts:sha256:eae7823a22e72537d5738d473c6c8289e0e2af78e76be782ea5e432fdd5d04ba,cc_by_4_0_api_2026_08,high,2026-08-23 22:07:26.766016+00,
6378afbf-6ff5-4302-bff5-74c8b93a0a93,0b29e2c4-baef-44ce-9b67-35b971a3fdcd,"""A(PD)""",ca_san_jose.zoning_districts:sha256:eae7823a22e72537d5738d473c6c8289e0e2af78e76be782ea5e432fdd5d04ba,cc_by_4_0_api_2026_08,high,2026-08-23 22:07:26.766016+00,
63e5e573-194e-4be2-aded-c5dc39716fd0,b89565f4-ac73-438f-9ea7-94741780a8de,"""R-1-8(PD)""",ca_san_jose.zoning_districts:sha256:eae7823a22e72537d5738d473c6c8289e0e2af78e76be782ea5e432fdd5d04ba,cc_by_4_0_api_2026_08,high,2026-08-23 22:07:26.766016+00,
63f39021-f86e-49a0-852e-517f090ae49b,b4acbd5c-bbaa-4a70-a08c-a76a00792960,"""IP""",ca_san_jose.zoning_districts:sha256:eae7823a22e72537d5738d473c6c8289e0e2af78e76be782ea5e432fdd5d04ba,cc_by_4_0_api_2026_08,high,2026-08-23 22:07:26.766016+00,
6463d9d0-5ae0-4721-9910-ad8d9da7f7a2,90f90397-bfa2-4b38-aa8e-bccf93bacedc,"""DC""",ca_san_jose.zoning_districts:sha256:eae7823a22e72537d5738d473c6c8289e0e2af78e76be782ea5e432fdd5d04ba,cc_by_4_0_api_2026_08,high,2026-08-23 22:07:26.766016+00,
64d26fe9-13d6-41ca-a4f5-8bb4fa4f488f,6c7a8434-d6d5-45e8-ada8-33751896cc8f,"""IP(PD)""",ca_san_jose.zoning_districts:sha256:eae7823a22e72537d5738d473c6c8289e0e2af78e76be782ea5e432fdd5d04ba,cc_by_4_0_api_2026_08,high,2026-08-23 22:07:26.766016+00,
653ae2e7-03b5-41fa-8267-f783874e4cc2,9d7f1cc1-166c-45cd-b2b1-b3db3148bd7b,"""IP""",ca_san_jose.zoning_districts:sha256:eae7823a22e72537d5738d473c6c8289e0e2af78e76be782ea5e432fdd5d04ba,cc_by_4_0_api_2026_08,high,2026-08-23 22:07:26.766016+00,
65f5e73b-e3bd-4a51-b3dd-b2c95e12d1d7,a7428be6-8975-4793-9a4a-a367bf6782d3,"""A(PD)""",ca_san_jose.zoning_districts:sha256:eae7823a22e72537d5738d473c6c8289e0e2af78e76be782ea5e432fdd5d04ba,cc_by_4_0_api_2026_08,high,2026-08-23 22:07:26.766016+00,
66077f18-e5f0-45d9-95c3-b0cefb1765c6,689b3aa5-a3b5-482b-90a1-7aab5e80dd61,"""A(PD)""",ca_san_jose.zoning_districts:sha256:eae7823a22e72537d5738d473c6c8289e0e2af78e76be782ea5e432fdd5d04ba,cc_by_4_0_api_2026_08,high,2026-08-23 22:07:26.766016+00,
66519d5f-89eb-4cda-b854-d9f1ab5c39a3,7e75f984-4ffe-4880-b2a8-600dffa76fe6,"""A(PD)""",ca_san_jose.zoning_districts:sha256:eae7823a22e72537d5738d473c6c8289e0e2af78e76be782ea5e432fdd5d04ba,cc_by_4_0_api_2026_08,high,2026-08-23 22:07:26.766016+00,
6664f572-08d2-4250-9406-73507784de96,6d797371-1dc6-4fc7-86ea-70b1fedccb5d,"""A(PD)""",ca_san_jose.zoning_districts:sha256:eae7823a22e72537d5738d473c6c8289e0e2af78e76be782ea5e432fdd5d04ba,cc_by_4_0_api_2026_08,high,2026-08-23 22:07:26.766016+00,
66b80876-7281-4abf-acd6-2584f355c80a,c6e3957f-efa6-4798-b216-e257cdb9fc6c,"""R-1-8""",ca_san_jose.zoning_districts:sha256:eae7823a22e72537d5738d473c6c8289e0e2af78e76be782ea5e432fdd5d04ba,cc_by_4_0_api_2026_08,high,2026-08-23 22:07:26.766016+00,
66e81cd2-84fa-477d-a45f-33fd6c67d447,30324bd6-3a54-4112-9487-508ad8a45042,"""A(PD)""",ca_san_jose.zoning_districts:sha256:eae7823a22e72537d5738d473c6c8289e0e2af78e76be782ea5e432fdd5d04ba,cc_by_4_0_api_2026_08,high,2026-08-23 22:07:26.766016+00,
66fc4565-2a0d-4cdb-b4dc-9bce3e508753,87b01194-db94-4caa-89d6-76c26af14bd7,"""A(PD)""",ca_san_jose.zoning_districts:sha256:eae7823a22e72537d5738d473c6c8289e0e2af78e76be782ea5e432fdd5d04ba,cc_by_4_0_api_2026_08,high,2026-08-23 22:07:26.766016+00,
677acc94-2fb2-425d-ab1d-25d9a1b59dc9,59d80aef-a3a5-4d6d-8c09-43b38dc8d12c,"""A(PD)""",ca_san_jose.zoning_districts:sha256:eae7823a22e72537d5738d473c6c8289e0e2af78e76be782ea5e432fdd5d04ba,cc_by_4_0_api_2026_08,high,2026-08-23 22:07:26.766016+00,
6813558e-ee9c-4ba0-9650-45d1dc95223e,89a1ab42-16b0-4f9f-b7b9-52b677e30e54,"""R-1-8""",ca_san_jose.zoning_districts:sha256:eae7823a22e72537d5738d473c6c8289e0e2af78e76be782ea5e432fdd5d04ba,cc_by_4_0_api_2026_08,high,2026-08-23 22:07:26.766016+00,
68328666-4372-40e5-8d93-d2b141a681c5,954db958-2d31-4720-ab3b-1ae19f6a573a,"""CP(PD)""",ca_san_jose.zoning_districts:sha256:eae7823a22e72537d5738d473c6c8289e0e2af78e76be782ea5e432fdd5d04ba,cc_by_4_0_api_2026_08,high,2026-08-23 22:07:26.766016+00,
68437236-15be-487b-a9fc-44d87d4e3f05,ce8f48e3-d7cf-4616-9e6b-e186bac73e0f,"""A(PD)""",ca_san_jose.zoning_districts:sha256:eae7823a22e72537d5738d473c6c8289e0e2af78e76be782ea5e432fdd5d04ba,cc_by_4_0_api_2026_08,high,2026-08-23 22:07:26.766016+00,
685e8662-e035-4323-bedb-60c47492c314,8cf35a4a-4062-4946-bb99-969f96681b79,"""A(PD)""",ca_san_jose.zoning_districts:sha256:eae7823a22e72537d5738d473c6c8289e0e2af78e76be782ea5e432fdd5d04ba,cc_by_4_0_api_2026_08,high,2026-08-23 22:07:26.766016+00,
6863098d-82c9-437e-a869-3f0a010a9869,cdae75c3-28ba-419e-ab34-2e44334ecaf8,"""A(PD)""",ca_san_jose.zoning_districts:sha256:eae7823a22e72537d5738d473c6c8289e0e2af78e76be782ea5e432fdd5d04ba,cc_by_4_0_api_2026_08,high,2026-08-23 22:07:26.766016+00,
68695b1c-ea2c-4b66-9505-49b1d4cafe2d,41fa60a2-c12d-45b6-bf98-44b37b4d241e,"""A(PD)""",ca_san_jose.zoning_districts:sha256:eae7823a22e72537d5738d473c6c8289e0e2af78e76be782ea5e432fdd5d04ba,cc_by_4_0_api_2026_08,high,2026-08-23 22:07:26.766016+00,
68863068-7f5b-42ad-b030-24f7745ba034,8e0f42d4-00d6-4abd-b4ee-ab590ea4381b,"""IP(PD)""",ca_san_jose.zoning_districts:sha256:eae7823a22e72537d5738d473c6c8289e0e2af78e76be782ea5e432fdd5d04ba,cc_by_4_0_api_2026_08,high,2026-08-23 22:07:26.766016+00,
689cdce7-4965-48d2-afd5-6f0d2e1f0aaa,3e9ef258-0dc1-4468-b4e6-37ba24587c71,"""A(PD)""",ca_san_jose.zoning_districts:sha256:eae7823a22e72537d5738d473c6c8289e0e2af78e76be782ea5e432fdd5d04ba,cc_by_4_0_api_2026_08,high,2026-08-23 22:07:26.766016+00,
68a47c68-a89d-4242-a956-26567ca2ebd1,97f111ff-34cb-4131-8c71-e3f3c9c09ba5,"""A(PD)""",ca_san_jose.zoning_districts:sha256:eae7823a22e72537d5738d473c6c8289e0e2af78e76be782ea5e432fdd5d04ba,cc_by_4_0_api_2026_08,high,2026-08-23 22:07:26.766016+00,
695cab1f-5d07-4034-99a1-b63fc1e92ac0,14831321-52f2-4e6d-9ab6-7ca742dafd86,"""A(PD)""",ca_san_jose.zoning_districts:sha256:eae7823a22e72537d5738d473c6c8289e0e2af78e76be782ea5e432fdd5d04ba,cc_by_4_0_api_2026_08,high,2026-08-23 22:07:26.766016+00,
6964fda9-031e-40d0-a8bf-0fc42a6ecd3f,7384fab3-6d8b-41a3-81cf-85de0b26afd6,"""A(PD)""",ca_san_jose.zoning_districts:sha256:eae7823a22e72537d5738d473c6c8289e0e2af78e76be782ea5e432fdd5d04ba,cc_by_4_0_api_2026_08,high,2026-08-23 22:07:26.766016+00,
696a7bf4-d970-4998-8428-c947bff420bf,8a1d87c1-3f12-4ae6-bd79-4596b3a9b7a5,"""A(PD)""",ca_san_jose.zoning_districts:sha256:eae7823a22e72537d5738d473c6c8289e0e2af78e76be782ea5e432fdd5d04ba,cc_by_4_0_api_2026_08,high,2026-08-23 22:07:26.766016+00,
697e665c-e68f-48d1-b388-3a2c1e25dabd,ef19b8b5-a71c-47b4-8b7d-3572338103bf,"""A(PD)""",ca_san_jose.zoning_districts:sha256:eae7823a22e72537d5738d473c6c8289e0e2af78e76be782ea5e432fdd5d04ba,cc_by_4_0_api_2026_08,high,2026-08-23 22:07:26.766016+00,
69854bb6-8b7a-416d-b056-4dc3372d2532,675cbec0-bde4-4212-b286-c1e7237eedea,"""A(PD)""",ca_san_jose.zoning_districts:sha256:eae7823a22e72537d5738d473c6c8289e0e2af78e76be782ea5e432fdd5d04ba,cc_by_4_0_api_2026_08,high,2026-08-23 22:07:26.766016+00,
6b05553f-3b11-4514-a943-56b5e0716abf,a94e33fa-d795-4c9c-8dfe-bc37ddc466ab,"""A""",ca_san_jose.zoning_districts:sha256:eae7823a22e72537d5738d473c6c8289e0e2af78e76be782ea5e432fdd5d04ba,cc_by_4_0_api_2026_08,high,2026-08-23 22:07:26.766016+00,
6b168e52-a231-47ca-961b-7b607c74df45,2a751bc2-c570-49cf-8619-1921c8d653f8,"""A(PD)""",ca_san_jose.zoning_districts:sha256:eae7823a22e72537d5738d473c6c8289e0e2af78e76be782ea5e432fdd5d04ba,cc_by_4_0_api_2026_08,high,2026-08-23 22:07:26.766016+00,
6b2e87a7-a25a-4267-99ac-a26762d7490e,0883c1ac-f5d7-470b-b76d-8fbebc84d183,"""LI""",ca_san_jose.zoning_districts:sha256:eae7823a22e72537d5738d473c6c8289e0e2af78e76be782ea5e432fdd5d04ba,cc_by_4_0_api_2026_08,high,2026-08-23 22:07:26.766016+00,
6b498341-2da7-4e06-b05a-b9fa30b75a1c,1bcf4112-5dc1-464c-9f27-ff21b94c945e,"""OS""",ca_san_jose.zoning_districts:sha256:eae7823a22e72537d5738d473c6c8289e0e2af78e76be782ea5e432fdd5d04ba,cc_by_4_0_api_2026_08,high,2026-08-23 22:07:26.766016+00,
6b575ad8-cd9c-4af1-ac77-2ae715516d74,9644d834-e39f-4ecb-a60e-dadd4a4b8c92,"""A(PD)""",ca_san_jose.zoning_districts:sha256:eae7823a22e72537d5738d473c6c8289e0e2af78e76be782ea5e432fdd5d04ba,cc_by_4_0_api_2026_08,high,2026-08-23 22:07:26.766016+00,
6b783b5a-652a-4528-88ad-313ab8668066,aa49b32f-1e4d-452f-b7d7-5cd4aa0b4703,"""A(PD)""",ca_san_jose.zoning_districts:sha256:eae7823a22e72537d5738d473c6c8289e0e2af78e76be782ea5e432fdd5d04ba,cc_by_4_0_api_2026_08,high,2026-08-23 22:07:26.766016+00,
6c8d7e13-4ab5-43aa-9488-971740717fde,9d3ea8dc-1682-4976-b7f4-75f4945ac66a,"""CG(PD)""",ca_san_jose.zoning_districts:sha256:eae7823a22e72537d5738d473c6c8289e0e2af78e76be782ea5e432fdd5d04ba,cc_by_4_0_api_2026_08,high,2026-08-23 22:07:26.766016+00,
6d004363-ef84-48d7-98d4-247e3ac66842,1db0a002-8d42-4611-8107-0d9668562b72,"""A(PD)""",ca_san_jose.zoning_districts:sha256:eae7823a22e72537d5738d473c6c8289e0e2af78e76be782ea5e432fdd5d04ba,cc_by_4_0_api_2026_08,high,2026-08-23 22:07:26.766016+00,
6d931578-4701-4d65-a3e6-3d4767a369e3,98ecaac5-fb95-4fec-93c3-b376158d4d0b,"""CG""",ca_san_jose.zoning_districts:sha256:eae7823a22e72537d5738d473c6c8289e0e2af78e76be782ea5e432fdd5d04ba,cc_by_4_0_api_2026_08,high,2026-08-23 22:07:26.766016+00,
6e3f2afe-b84a-4b7f-aaa3-4899a3f37500,8d8e02d8-b926-40df-8ed3-3c40211f17d8,"""A(PD)""",ca_san_jose.zoning_districts:sha256:eae7823a22e72537d5738d473c6c8289e0e2af78e76be782ea5e432fdd5d04ba,cc_by_4_0_api_2026_08,high,2026-08-23 22:07:26.766016+00,
6eb450a1-aaf0-441d-97cd-a3c5a48cdafb,fa8231f3-6f33-4c91-88ba-f10831e5bb51,"""A(PD)""",ca_san_jose.zoning_districts:sha256:eae7823a22e72537d5738d473c6c8289e0e2af78e76be782ea5e432fdd5d04ba,cc_by_4_0_api_2026_08,high,2026-08-23 22:07:26.766016+00,
6eb5693b-be69-4143-94a1-04f7b6079fbb,8cd6ca05-97df-440c-8b26-7dc9f9bda876,"""R-M(PD)""",ca_san_jose.zoning_districts:sha256:eae7823a22e72537d5738d473c6c8289e0e2af78e76be782ea5e432fdd5d04ba,cc_by_4_0_api_2026_08,high,2026-08-23 22:07:26.766016+00,
6ebd1237-7bdd-4087-8936-b1399ee8d768,8a6494de-b14a-4c32-aa7f-f5e0266cb81c,"""A(PD)""",ca_san_jose.zoning_districts:sha256:eae7823a22e72537d5738d473c6c8289e0e2af78e76be782ea5e432fdd5d04ba,cc_by_4_0_api_2026_08,high,2026-08-23 22:07:26.766016+00,
6ee14f2c-0b69-4f4a-9cc8-6fedfa30bd68,f2b4bd5b-0442-47b0-9e73-a4fad555a2cc,"""A(PD)""",ca_san_jose.zoning_districts:sha256:eae7823a22e72537d5738d473c6c8289e0e2af78e76be782ea5e432fdd5d04ba,cc_by_4_0_api_2026_08,high,2026-08-23 22:07:26.766016+00,
6f423aa0-5666-4a9e-ab13-612e889ee8a4,e5ae2ce5-3560-4137-a5e8-77b7d16387a4,"""A(PD)""",ca_san_jose.zoning_districts:sha256:eae7823a22e72537d5738d473c6c8289e0e2af78e76be782ea5e432fdd5d04ba,cc_by_4_0_api_2026_08,high,2026-08-23 22:07:26.766016+00,
6f50c6ca-4db7-4585-94d7-bfd33e811ae2,718521f9-4c07-452a-9f92-397ac5d5c7f5,"""A(PD)""",ca_san_jose.zoning_districts:sha256:eae7823a22e72537d5738d473c6c8289e0e2af78e76be782ea5e432fdd5d04ba,cc_by_4_0_api_2026_08,high,2026-08-23 22:07:26.766016+00,
6f92ea0f-f3cf-4502-911b-54d132401422,34d9816b-f700-43fb-9787-edd0046ccca3,"""CIC""",ca_san_jose.zoning_districts:sha256:eae7823a22e72537d5738d473c6c8289e0e2af78e76be782ea5e432fdd5d04ba,cc_by_4_0_api_2026_08,high,2026-08-23 22:07:26.766016+00,
6fb8ee6d-8059-426f-bfb3-a71c887d5375,d303a2d2-6b0b-4475-a428-67dbfd857988,"""A(PD)""",ca_san_jose.zoning_districts:sha256:eae7823a22e72537d5738d473c6c8289e0e2af78e76be782ea5e432fdd5d04ba,cc_by_4_0_api_2026_08,high,2026-08-23 22:07:26.766016+00,
702888d1-9724-4312-9f08-b1cabb69a5f2,9235cd35-9261-41bb-a729-0fe034ce8919,"""MUN""",ca_san_jose.zoning_districts:sha256:eae7823a22e72537d5738d473c6c8289e0e2af78e76be782ea5e432fdd5d04ba,cc_by_4_0_api_2026_08,high,2026-08-23 22:07:26.766016+00,
7075d373-e8e2-46d3-b457-c3ab918ea23a,a9eb737b-21c3-475e-ba57-ac4017628456,"""CP""",ca_san_jose.zoning_districts:sha256:eae7823a22e72537d5738d473c6c8289e0e2af78e76be782ea5e432fdd5d04ba,cc_by_4_0_api_2026_08,high,2026-08-23 22:07:26.766016+00,
70df5353-35b5-4118-ae3f-bf614ae33628,68a1b764-d000-4190-84c9-ef2b5043486a,"""CP""",ca_san_jose.zoning_districts:sha256:eae7823a22e72537d5738d473c6c8289e0e2af78e76be782ea5e432fdd5d04ba,cc_by_4_0_api_2026_08,high,2026-08-23 22:07:26.766016+00,
70e155a5-8568-4d4e-87da-2366f5b000a0,3c4791c5-9d3a-46e7-b51f-f64a3e6f13f6,"""A(PD)""",ca_san_jose.zoning_districts:sha256:eae7823a22e72537d5738d473c6c8289e0e2af78e76be782ea5e432fdd5d04ba,cc_by_4_0_api_2026_08,high,2026-08-23 22:07:26.766016+00,
7129f439-9936-4ae5-9853-06568bd69309,683a2d99-ac6d-4429-aa60-9e2a7fc2e5c4,"""CP""",ca_san_jose.zoning_districts:sha256:eae7823a22e72537d5738d473c6c8289e0e2af78e76be782ea5e432fdd5d04ba,cc_by_4_0_api_2026_08,high,2026-08-23 22:07:26.766016+00,
71cd96fc-3f37-4e89-89ca-50b00a995522,84b1767b-52ea-43af-af80-4378aa03b469,"""A(PD)""",ca_san_jose.zoning_districts:sha256:eae7823a22e72537d5738d473c6c8289e0e2af78e76be782ea5e432fdd5d04ba,cc_by_4_0_api_2026_08,high,2026-08-23 22:07:26.766016+00,
71e6a4be-1904-4aff-9fbc-f35c23096cc7,cfc034a0-ceea-4de3-ac50-30f4a6b780b9,"""A(PD)""",ca_san_jose.zoning_districts:sha256:eae7823a22e72537d5738d473c6c8289e0e2af78e76be782ea5e432fdd5d04ba,cc_by_4_0_api_2026_08,high,2026-08-23 22:07:26.766016+00,
71eb9cfd-53a7-494d-9670-ea0014c528e9,58f97082-9564-4c3c-9e3a-0fb810213911,"""A(PD)""",ca_san_jose.zoning_districts:sha256:eae7823a22e72537d5738d473c6c8289e0e2af78e76be782ea5e432fdd5d04ba,cc_by_4_0_api_2026_08,high,2026-08-23 22:07:26.766016+00,
71ebe1d5-1077-42bc-a339-46f1b29f9942,3dcd44b8-f59c-45cf-9e35-7348613ccbb2,"""A(PD)""",ca_san_jose.zoning_districts:sha256:eae7823a22e72537d5738d473c6c8289e0e2af78e76be782ea5e432fdd5d04ba,cc_by_4_0_api_2026_08,high,2026-08-23 22:07:26.766016+00,
71f425c0-2731-44e0-8d69-25f0456ee069,ee4c5ec5-27c7-4dd2-85d0-f6fd49e48b1e,"""A(PD)""",ca_san_jose.zoning_districts:sha256:eae7823a22e72537d5738d473c6c8289e0e2af78e76be782ea5e432fdd5d04ba,cc_by_4_0_api_2026_08,high,2026-08-23 22:07:26.766016+00,
71ff019b-26f3-4a00-a0a7-3d6b0f5100bb,8049d519-1d48-4a60-aed2-637d63b6645f,"""A(PD)""",ca_san_jose.zoning_districts:sha256:eae7823a22e72537d5738d473c6c8289e0e2af78e76be782ea5e432fdd5d04ba,cc_by_4_0_api_2026_08,high,2026-08-23 22:07:26.766016+00,
720fbc50-a03d-4ee9-af29-082e38b91782,f663b66c-6476-4d78-b7cb-f6f4f22e6787,"""A(PD)""",ca_san_jose.zoning_districts:sha256:eae7823a22e72537d5738d473c6c8289e0e2af78e76be782ea5e432fdd5d04ba,cc_by_4_0_api_2026_08,high,2026-08-23 22:07:26.766016+00,
721c929b-fa52-4b5e-b584-c1fb1e5e590c,ff124c31-a899-4b11-9d9a-1fbdee58e0be,"""TR""",ca_san_jose.zoning_districts:sha256:eae7823a22e72537d5738d473c6c8289e0e2af78e76be782ea5e432fdd5d04ba,cc_by_4_0_api_2026_08,high,2026-08-23 22:07:26.766016+00,
722d29ca-f000-4270-bb3d-5de0907883cd,5a83bdc4-28fb-4985-a64b-9ff5cffcc9a9,"""A(PD)""",ca_san_jose.zoning_districts:sha256:eae7823a22e72537d5738d473c6c8289e0e2af78e76be782ea5e432fdd5d04ba,cc_by_4_0_api_2026_08,high,2026-08-23 22:07:26.766016+00,
727c79b6-800f-479b-b447-978040ed5d00,f9681a81-cc21-4ae0-9ace-e81c481ade8b,"""A(PD)""",ca_san_jose.zoning_districts:sha256:eae7823a22e72537d5738d473c6c8289e0e2af78e76be782ea5e432fdd5d04ba,cc_by_4_0_api_2026_08,high,2026-08-23 22:07:26.766016+00,
729b3c43-cdbf-4925-9b71-84ff93f8ba38,c7e73710-81a6-44d6-9c94-aca8425fa770,"""TEC(PD)""",ca_san_jose.zoning_districts:sha256:eae7823a22e72537d5738d473c6c8289e0e2af78e76be782ea5e432fdd5d04ba,cc_by_4_0_api_2026_08,high,2026-08-23 22:07:26.766016+00,
729fdf5d-a486-46e0-a0b4-6cb426647849,8bb4126c-f9c9-426c-88af-f2ce1ee8802e,"""A(PD)""",ca_san_jose.zoning_districts:sha256:eae7823a22e72537d5738d473c6c8289e0e2af78e76be782ea5e432fdd5d04ba,cc_by_4_0_api_2026_08,high,2026-08-23 22:07:26.766016+00,
72e1599c-bd83-496f-887f-1d7c65edf57a,4b093627-2948-4a67-b55c-b9128b1572a2,"""A(PD)""",ca_san_jose.zoning_districts:sha256:eae7823a22e72537d5738d473c6c8289e0e2af78e76be782ea5e432fdd5d04ba,cc_by_4_0_api_2026_08,high,2026-08-23 22:07:26.766016+00,
72f2f9ae-fe2f-4400-b707-e981a87d9052,e0be6ccd-ca0d-4653-b024-106f7b624969,"""A(PD)""",ca_san_jose.zoning_districts:sha256:eae7823a22e72537d5738d473c6c8289e0e2af78e76be782ea5e432fdd5d04ba,cc_by_4_0_api_2026_08,high,2026-08-23 22:07:26.766016+00,
72fd0b85-ab9a-4245-b43b-44f7082d58a3,ee459f47-49a2-48cb-aeef-46a7f372c686,"""R-1-8""",ca_san_jose.zoning_districts:sha256:eae7823a22e72537d5738d473c6c8289e0e2af78e76be782ea5e432fdd5d04ba,cc_by_4_0_api_2026_08,high,2026-08-23 22:07:26.766016+00,
740a7f91-19e8-476d-abb5-4f803b628f34,22cd88c8-0d67-43a9-8bd2-5ba654168d27,"""A(PD)""",ca_san_jose.zoning_districts:sha256:eae7823a22e72537d5738d473c6c8289e0e2af78e76be782ea5e432fdd5d04ba,cc_by_4_0_api_2026_08,high,2026-08-23 22:07:26.766016+00,
740cc8f8-3b2c-4446-b2b7-6f1a7e5c3d36,9a097823-0526-4fe2-abdf-a3eca332297d,"""A(PD)""",ca_san_jose.zoning_districts:sha256:eae7823a22e72537d5738d473c6c8289e0e2af78e76be782ea5e432fdd5d04ba,cc_by_4_0_api_2026_08,high,2026-08-23 22:07:26.766016+00,
740d67bc-c10b-413b-831d-02e369cfa528,939ae7c4-11fa-4ddf-ae64-c5219ba39af4,"""R-1-8""",ca_san_jose.zoning_districts:sha256:eae7823a22e72537d5738d473c6c8289e0e2af78e76be782ea5e432fdd5d04ba,cc_by_4_0_api_2026_08,high,2026-08-23 22:07:26.766016+00,
7421f8c3-c757-4b23-9112-4576d53d13a7,1917898a-4064-4d10-a781-9c6b46e801ba,"""R-1-8""",ca_san_jose.zoning_districts:sha256:eae7823a22e72537d5738d473c6c8289e0e2af78e76be782ea5e432fdd5d04ba,cc_by_4_0_api_2026_08,high,2026-08-23 22:07:26.766016+00,
74328324-2693-4210-8dfc-226983e05c0c,353d4e59-1f74-4f74-abfc-2389f3127c40,"""R-M""",ca_san_jose.zoning_districts:sha256:eae7823a22e72537d5738d473c6c8289e0e2af78e76be782ea5e432fdd5d04ba,cc_by_4_0_api_2026_08,high,2026-08-23 22:07:26.766016+00,
745bea61-84e8-4b35-9dc7-51b56d9e5903,1b5d4c2e-7fc5-4fc4-a96e-08545c934c4e,"""A(PD)""",ca_san_jose.zoning_districts:sha256:eae7823a22e72537d5738d473c6c8289e0e2af78e76be782ea5e432fdd5d04ba,cc_by_4_0_api_2026_08,high,2026-08-23 22:07:26.766016+00,
7500f06d-f172-4a73-ac04-78e9f814d4dc,ae128aae-8346-4c69-8f8f-07a9c388a9bc,"""A(PD)""",ca_san_jose.zoning_districts:sha256:eae7823a22e72537d5738d473c6c8289e0e2af78e76be782ea5e432fdd5d04ba,cc_by_4_0_api_2026_08,high,2026-08-23 22:07:26.766016+00,
75139869-dddf-4333-85a7-99f03f3e7085,cc50fd10-87cf-438b-951a-569047fa4693,"""A(PD)""",ca_san_jose.zoning_districts:sha256:eae7823a22e72537d5738d473c6c8289e0e2af78e76be782ea5e432fdd5d04ba,cc_by_4_0_api_2026_08,high,2026-08-23 22:07:26.766016+00,
751d0864-747a-4ae7-8b31-becb770f0e69,ff3bba06-e9ba-4c6a-b806-21807db31543,"""A(PD)""",ca_san_jose.zoning_districts:sha256:eae7823a22e72537d5738d473c6c8289e0e2af78e76be782ea5e432fdd5d04ba,cc_by_4_0_api_2026_08,high,2026-08-23 22:07:26.766016+00,
75585f25-2a59-41a2-b0a6-407ee30caccf,87b72c18-c823-4ce1-897b-1b6ede9e3e6e,"""A""",ca_san_jose.zoning_districts:sha256:eae7823a22e72537d5738d473c6c8289e0e2af78e76be782ea5e432fdd5d04ba,cc_by_4_0_api_2026_08,high,2026-08-23 22:07:26.766016+00,
75ce5941-c0f7-4df1-b166-b46b120d4aca,3be649e9-db30-45b2-9798-7275ebfc3cb0,"""A(PD)""",ca_san_jose.zoning_districts:sha256:eae7823a22e72537d5738d473c6c8289e0e2af78e76be782ea5e432fdd5d04ba,cc_by_4_0_api_2026_08,high,2026-08-23 22:07:26.766016+00,
75dc84b1-10a5-4573-82f3-b24ab719e3d4,63872a04-b539-4a7d-afb7-d2cbee6ed065,"""A(PD)""",ca_san_jose.zoning_districts:sha256:eae7823a22e72537d5738d473c6c8289e0e2af78e76be782ea5e432fdd5d04ba,cc_by_4_0_api_2026_08,high,2026-08-23 22:07:26.766016+00,
761540bd-a675-4d0f-93d7-541c6bb12e95,4d06b991-55bf-4851-b059-6e6ac6f9044c,"""A(PD)""",ca_san_jose.zoning_districts:sha256:eae7823a22e72537d5738d473c6c8289e0e2af78e76be782ea5e432fdd5d04ba,cc_by_4_0_api_2026_08,high,2026-08-23 22:07:26.766016+00,
76230bc9-be46-4493-8eba-c0f1f414cc79,82059cc1-5b2d-4733-8831-074ecbe6e052,"""A(PD)""",ca_san_jose.zoning_districts:sha256:eae7823a22e72537d5738d473c6c8289e0e2af78e76be782ea5e432fdd5d04ba,cc_by_4_0_api_2026_08,high,2026-08-23 22:07:26.766016+00,
76743c5d-f8c7-496b-b329-1e6007da87cd,6238d284-d52f-4a91-b826-adaeb8202aec,"""A(PD)""",ca_san_jose.zoning_districts:sha256:eae7823a22e72537d5738d473c6c8289e0e2af78e76be782ea5e432fdd5d04ba,cc_by_4_0_api_2026_08,high,2026-08-23 22:07:26.766016+00,
7690c277-6f00-4a39-9f98-ba10b3dc90c6,a9ad051f-b57a-48e9-91bb-6742341caa8a,"""IP(PD)""",ca_san_jose.zoning_districts:sha256:eae7823a22e72537d5738d473c6c8289e0e2af78e76be782ea5e432fdd5d04ba,cc_by_4_0_api_2026_08,high,2026-08-23 22:07:26.766016+00,
76c3cf3f-bff7-42e0-bc1b-3e54f58ed68a,f85b38ae-5911-4f31-b0e9-d8e3a82b32e2,"""A(PD)""",ca_san_jose.zoning_districts:sha256:eae7823a22e72537d5738d473c6c8289e0e2af78e76be782ea5e432fdd5d04ba,cc_by_4_0_api_2026_08,high,2026-08-23 22:07:26.766016+00,
77402a84-80cf-40ba-967b-eaabb1da75d7,94984e2d-ffd2-4a6b-aa12-44a9f168c48b,"""A(PD)""",ca_san_jose.zoning_districts:sha256:eae7823a22e72537d5738d473c6c8289e0e2af78e76be782ea5e432fdd5d04ba,cc_by_4_0_api_2026_08,high,2026-08-23 22:07:26.766016+00,
784c3443-0e0d-441a-9758-de6412a1567e,6946bf14-11b2-4ddc-8b43-9e1ee51de1b7,"""A(PD)""",ca_san_jose.zoning_districts:sha256:eae7823a22e72537d5738d473c6c8289e0e2af78e76be782ea5e432fdd5d04ba,cc_by_4_0_api_2026_08,high,2026-08-23 22:07:26.766016+00,
78995e9a-a461-4ec9-b01c-340be7509521,a94dbef5-be64-43c0-bdbd-b00b073f2b11,"""A(PD)""",ca_san_jose.zoning_districts:sha256:eae7823a22e72537d5738d473c6c8289e0e2af78e76be782ea5e432fdd5d04ba,cc_by_4_0_api_2026_08,high,2026-08-23 22:07:26.766016+00,
789dc634-d22d-472e-a5cc-f91277ea300a,9ebef03b-7385-4ca5-96eb-21f50caf838a,"""A(PD)""",ca_san_jose.zoning_districts:sha256:eae7823a22e72537d5738d473c6c8289e0e2af78e76be782ea5e432fdd5d04ba,cc_by_4_0_api_2026_08,high,2026-08-23 22:07:26.766016+00,
78d6d1c9-89fb-41ef-98f6-99f58aee2c44,6497f5b0-07ce-440a-a53f-81deedb7e4de,"""R-2""",ca_san_jose.zoning_districts:sha256:eae7823a22e72537d5738d473c6c8289e0e2af78e76be782ea5e432fdd5d04ba,cc_by_4_0_api_2026_08,high,2026-08-23 22:07:26.766016+00,
78db476e-b530-4b05-9465-a70782af48c9,7d5dcd67-dde4-46a6-9942-ea94c59621b4,"""A(PD)""",ca_san_jose.zoning_districts:sha256:eae7823a22e72537d5738d473c6c8289e0e2af78e76be782ea5e432fdd5d04ba,cc_by_4_0_api_2026_08,high,2026-08-23 22:07:26.766016+00,
78e2f724-89c3-4b8e-8ba8-4b5d07468a63,23b74b7e-2481-48ae-8d6b-fa6a42376b7f,"""OS""",ca_san_jose.zoning_districts:sha256:eae7823a22e72537d5738d473c6c8289e0e2af78e76be782ea5e432fdd5d04ba,cc_by_4_0_api_2026_08,high,2026-08-23 22:07:26.766016+00,
7908466f-c0cf-4cc7-a9b8-4359c37bb33d,77f1ae2e-27a0-4dae-8cc0-5ff9f8e6e136,"""A(PD)""",ca_san_jose.zoning_districts:sha256:eae7823a22e72537d5738d473c6c8289e0e2af78e76be782ea5e432fdd5d04ba,cc_by_4_0_api_2026_08,high,2026-08-23 22:07:26.766016+00,
791cfaef-3c72-4fcb-83e4-fa8ac1f9cc3c,be5c0b2a-4d22-4553-bcbd-108384c61c73,"""A(PD)""",ca_san_jose.zoning_districts:sha256:eae7823a22e72537d5738d473c6c8289e0e2af78e76be782ea5e432fdd5d04ba,cc_by_4_0_api_2026_08,high,2026-08-23 22:07:26.766016+00,
795a8e0d-5e95-43af-a43d-2bad6af4e048,95e3474d-941c-4800-bfd4-62320ed80ac4,"""A(PD)""",ca_san_jose.zoning_districts:sha256:eae7823a22e72537d5738d473c6c8289e0e2af78e76be782ea5e432fdd5d04ba,cc_by_4_0_api_2026_08,high,2026-08-23 22:07:26.766016+00,
79757337-e019-4727-aa76-d4555389bfde,ed876fce-bb58-409a-821e-1e79a84e627f,"""A(PD)""",ca_san_jose.zoning_districts:sha256:eae7823a22e72537d5738d473c6c8289e0e2af78e76be782ea5e432fdd5d04ba,cc_by_4_0_api_2026_08,high,2026-08-23 22:07:26.766016+00,
7ae98eae-3952-473e-a86d-e7789f22d263,25fc07e2-7622-4a94-870e-f6b94344ec7a,"""A(PD)""",ca_san_jose.zoning_districts:sha256:eae7823a22e72537d5738d473c6c8289e0e2af78e76be782ea5e432fdd5d04ba,cc_by_4_0_api_2026_08,high,2026-08-23 22:07:26.766016+00,
7b54ffa7-709a-445c-8a27-019315bfc9bf,ed8e4c4a-7f1d-4e87-9728-ba23eb10868a,"""DC""",ca_san_jose.zoning_districts:sha256:eae7823a22e72537d5738d473c6c8289e0e2af78e76be782ea5e432fdd5d04ba,cc_by_4_0_api_2026_08,high,2026-08-23 22:07:26.766016+00,
7b5b4976-a780-494b-92df-1860cb312ca7,88cbeda9-849d-47b0-9c20-f2584507470c,"""A(PD)""",ca_san_jose.zoning_districts:sha256:eae7823a22e72537d5738d473c6c8289e0e2af78e76be782ea5e432fdd5d04ba,cc_by_4_0_api_2026_08,high,2026-08-23 22:07:26.766016+00,
7b858474-3eab-408b-8416-8d6a3e5a3b4e,3e422db1-7f75-4c47-b312-30017990e5af,"""A(PD)""",ca_san_jose.zoning_districts:sha256:eae7823a22e72537d5738d473c6c8289e0e2af78e76be782ea5e432fdd5d04ba,cc_by_4_0_api_2026_08,high,2026-08-23 22:07:26.766016+00,
7b87ae77-5947-46d8-845f-7fe4df15525b,30d44873-22ff-4827-a5b8-de9de8203027,"""A(PD)""",ca_san_jose.zoning_districts:sha256:eae7823a22e72537d5738d473c6c8289e0e2af78e76be782ea5e432fdd5d04ba,cc_by_4_0_api_2026_08,high,2026-08-23 22:07:26.766016+00,
7bed3de9-a24d-40f6-b749-2847383ae889,2b649188-b3fe-4bc3-80a4-71997a8ce6ab,"""IP""",ca_san_jose.zoning_districts:sha256:eae7823a22e72537d5738d473c6c8289e0e2af78e76be782ea5e432fdd5d04ba,cc_by_4_0_api_2026_08,high,2026-08-23 22:07:26.766016+00,
7c1d2e43-75da-40d2-a66e-a6dd4f72bc93,a88e34b6-ed02-4df0-83a0-674c3df179dc,"""A(PD)""",ca_san_jose.zoning_districts:sha256:eae7823a22e72537d5738d473c6c8289e0e2af78e76be782ea5e432fdd5d04ba,cc_by_4_0_api_2026_08,high,2026-08-23 22:07:26.766016+00,
7c74562f-3afd-435e-87b8-6e64398024ae,abd04118-6bb9-4264-ad87-16633282277a,"""R-1-8(PD)""",ca_san_jose.zoning_districts:sha256:eae7823a22e72537d5738d473c6c8289e0e2af78e76be782ea5e432fdd5d04ba,cc_by_4_0_api_2026_08,high,2026-08-23 22:07:26.766016+00,
7c74f91d-3dad-4158-a457-89feab0a41b0,4d25bde1-3cd5-4a29-be77-fb587632c8c9,"""A(PD)""",ca_san_jose.zoning_districts:sha256:eae7823a22e72537d5738d473c6c8289e0e2af78e76be782ea5e432fdd5d04ba,cc_by_4_0_api_2026_08,high,2026-08-23 22:07:26.766016+00,
7cd486d9-6952-4906-a719-9fbb054369a3,a84fff06-7b49-4669-b96c-bb7b669ce54e,"""A(PD)""",ca_san_jose.zoning_districts:sha256:eae7823a22e72537d5738d473c6c8289e0e2af78e76be782ea5e432fdd5d04ba,cc_by_4_0_api_2026_08,high,2026-08-23 22:07:26.766016+00,
7d376fb5-43fd-4897-946c-dbeeef7431c7,223aa98c-3a1d-4bc1-9a39-90a8bb6833bf,"""R-2""",ca_san_jose.zoning_districts:sha256:eae7823a22e72537d5738d473c6c8289e0e2af78e76be782ea5e432fdd5d04ba,cc_by_4_0_api_2026_08,high,2026-08-23 22:07:26.766016+00,
7dd7665a-465d-4e08-b796-d1a5e217b5f7,0cfd15bb-b761-47ff-8e66-59732431aeb8,"""A(PD)""",ca_san_jose.zoning_districts:sha256:eae7823a22e72537d5738d473c6c8289e0e2af78e76be782ea5e432fdd5d04ba,cc_by_4_0_api_2026_08,high,2026-08-23 22:07:26.766016+00,
7ea87357-0714-472e-8be8-85c36501ac2a,78116605-7b72-41a7-a941-17b25c520820,"""R-1-1(PD)""",ca_san_jose.zoning_districts:sha256:eae7823a22e72537d5738d473c6c8289e0e2af78e76be782ea5e432fdd5d04ba,cc_by_4_0_api_2026_08,high,2026-08-23 22:07:26.766016+00,
7f3def67-4476-4011-a31b-83b825168785,5baf3772-d4dc-45a5-81f9-3555b68cc0e3,"""IP""",ca_san_jose.zoning_districts:sha256:eae7823a22e72537d5738d473c6c8289e0e2af78e76be782ea5e432fdd5d04ba,cc_by_4_0_api_2026_08,high,2026-08-23 22:07:26.766016+00,
7fb2e133-a8a9-4d23-b65c-ad59f6d994c4,7356836e-a356-42e9-90c0-45d8fa39d84c,"""A(PD)""",ca_san_jose.zoning_districts:sha256:eae7823a22e72537d5738d473c6c8289e0e2af78e76be782ea5e432fdd5d04ba,cc_by_4_0_api_2026_08,high,2026-08-23 22:07:26.766016+00,
7fcd7e68-2eac-4c3d-be0a-a8c0b00379c6,c103fe54-9f1d-447e-bc81-95929b7903c3,"""A(PD)""",ca_san_jose.zoning_districts:sha256:eae7823a22e72537d5738d473c6c8289e0e2af78e76be782ea5e432fdd5d04ba,cc_by_4_0_api_2026_08,high,2026-08-23 22:07:26.766016+00,
8008a008-7408-4d3d-adb0-e432764a1419,97bc6746-cd9f-424b-9d21-49ec9bb9ac57,"""A(PD)""",ca_san_jose.zoning_districts:sha256:eae7823a22e72537d5738d473c6c8289e0e2af78e76be782ea5e432fdd5d04ba,cc_by_4_0_api_2026_08,high,2026-08-23 22:07:26.766016+00,
80290578-0d6b-4a75-9e59-d65e8643dbaf,2405ad10-98aa-4efa-96bf-79fed6095a9e,"""OS""",ca_san_jose.zoning_districts:sha256:eae7823a22e72537d5738d473c6c8289e0e2af78e76be782ea5e432fdd5d04ba,cc_by_4_0_api_2026_08,high,2026-08-23 22:07:26.766016+00,
8033f9fc-deac-4ccc-807e-3368d100045d,02f495b6-7243-49c8-88a4-e27ad4ac200a,"""A(PD)""",ca_san_jose.zoning_districts:sha256:eae7823a22e72537d5738d473c6c8289e0e2af78e76be782ea5e432fdd5d04ba,cc_by_4_0_api_2026_08,high,2026-08-23 22:07:26.766016+00,
805fd862-9269-40ed-a6bb-ec09eeb1cc41,5c37daf0-15e0-4dfd-bf1c-516d98372fac,"""R-M(PD)""",ca_san_jose.zoning_districts:sha256:eae7823a22e72537d5738d473c6c8289e0e2af78e76be782ea5e432fdd5d04ba,cc_by_4_0_api_2026_08,high,2026-08-23 22:07:26.766016+00,
80737516-1f95-4df9-8ca0-81f5d05267aa,476281ea-4e8c-41e4-8e91-0f3d36a345c9,"""A(PD)""",ca_san_jose.zoning_districts:sha256:eae7823a22e72537d5738d473c6c8289e0e2af78e76be782ea5e432fdd5d04ba,cc_by_4_0_api_2026_08,high,2026-08-23 22:07:26.766016+00,
807b7a4b-6df4-4ab4-af33-283c3bd42dc9,a044db98-cc08-41fd-bade-a1633d6558dd,"""UV""",ca_san_jose.zoning_districts:sha256:eae7823a22e72537d5738d473c6c8289e0e2af78e76be782ea5e432fdd5d04ba,cc_by_4_0_api_2026_08,high,2026-08-23 22:07:26.766016+00,
81013b21-c971-47ea-9944-17ebdec77718,a22d8f50-48bd-42bc-9f8d-008633b7577b,"""A""",ca_san_jose.zoning_districts:sha256:eae7823a22e72537d5738d473c6c8289e0e2af78e76be782ea5e432fdd5d04ba,cc_by_4_0_api_2026_08,high,2026-08-23 22:07:26.766016+00,
8129d9f1-a27b-4b40-9852-65090e4fd328,ea7c9bf9-cf82-46b3-b781-4ff7820249b5,"""PQP""",ca_san_jose.zoning_districts:sha256:eae7823a22e72537d5738d473c6c8289e0e2af78e76be782ea5e432fdd5d04ba,cc_by_4_0_api_2026_08,high,2026-08-23 22:07:26.766016+00,
813324be-c665-48aa-ac6e-764b6feea5c6,91a6b924-54ed-4c1c-af15-1d3bb4e0c4ea,"""A(PD)""",ca_san_jose.zoning_districts:sha256:eae7823a22e72537d5738d473c6c8289e0e2af78e76be782ea5e432fdd5d04ba,cc_by_4_0_api_2026_08,high,2026-08-23 22:07:26.766016+00,
813a6295-f725-423f-a8c2-83ade89f44dd,7b6ded4e-db86-44fe-bd6b-466ba597664c,"""A(PD)""",ca_san_jose.zoning_districts:sha256:eae7823a22e72537d5738d473c6c8289e0e2af78e76be782ea5e432fdd5d04ba,cc_by_4_0_api_2026_08,high,2026-08-23 22:07:26.766016+00,
813e4128-822d-4f41-86a6-c654f658516d,37e94773-4b73-4f30-8056-5a69fd258777,"""A(PD)""",ca_san_jose.zoning_districts:sha256:eae7823a22e72537d5738d473c6c8289e0e2af78e76be782ea5e432fdd5d04ba,cc_by_4_0_api_2026_08,high,2026-08-23 22:07:26.766016+00,
817d8f75-f068-496c-9537-4e0263c07dd9,c2cb61fa-0158-4f8d-830e-a17ad4e1e288,"""A(PD)""",ca_san_jose.zoning_districts:sha256:eae7823a22e72537d5738d473c6c8289e0e2af78e76be782ea5e432fdd5d04ba,cc_by_4_0_api_2026_08,high,2026-08-23 22:07:26.766016+00,
821e806d-b623-4c7a-bddb-9020cd507635,1d25f6ec-6b09-46d1-b644-36361ade504e,"""A(PD)""",ca_san_jose.zoning_districts:sha256:eae7823a22e72537d5738d473c6c8289e0e2af78e76be782ea5e432fdd5d04ba,cc_by_4_0_api_2026_08,high,2026-08-23 22:07:26.766016+00,
8299c5a4-16e3-4440-a26d-9dce87e7923b,ff8d4be2-fbde-44b1-8c3c-b31426125686,"""A(PD)""",ca_san_jose.zoning_districts:sha256:eae7823a22e72537d5738d473c6c8289e0e2af78e76be782ea5e432fdd5d04ba,cc_by_4_0_api_2026_08,high,2026-08-23 22:07:26.766016+00,
82bdeef9-571e-4cae-9ff3-eaa891335fa3,dd0ac140-d459-41f3-8e1e-97e857ff67e2,"""A""",ca_san_jose.zoning_districts:sha256:eae7823a22e72537d5738d473c6c8289e0e2af78e76be782ea5e432fdd5d04ba,cc_by_4_0_api_2026_08,high,2026-08-23 22:07:26.766016+00,
82f97ace-b2ee-45c9-9be1-d85c7158e6c8,cecf8d8c-432b-41af-89ea-b32b2349c87c,"""IP""",ca_san_jose.zoning_districts:sha256:eae7823a22e72537d5738d473c6c8289e0e2af78e76be782ea5e432fdd5d04ba,cc_by_4_0_api_2026_08,high,2026-08-23 22:07:26.766016+00,
83153250-d8ac-403d-832c-e1c949cb21cd,70fb90c2-f7ff-49b4-9d05-9193f9fc29f8,"""A(PD)""",ca_san_jose.zoning_districts:sha256:eae7823a22e72537d5738d473c6c8289e0e2af78e76be782ea5e432fdd5d04ba,cc_by_4_0_api_2026_08,high,2026-08-23 22:07:26.766016+00,
8331795c-9de5-4b6f-a832-e26b046cb110,183fb3e6-cb98-4693-9258-3b8ea10ed868,"""IP""",ca_san_jose.zoning_districts:sha256:eae7823a22e72537d5738d473c6c8289e0e2af78e76be782ea5e432fdd5d04ba,cc_by_4_0_api_2026_08,high,2026-08-23 22:07:26.766016+00,
83373163-a4c6-4e47-a948-82870596ee7d,78d6bbe7-1cec-4c7a-98c3-c50c239f0dab,"""A(PD)""",ca_san_jose.zoning_districts:sha256:eae7823a22e72537d5738d473c6c8289e0e2af78e76be782ea5e432fdd5d04ba,cc_by_4_0_api_2026_08,high,2026-08-23 22:07:26.766016+00,
8361ffd2-73cd-431c-b730-6d784cc2430c,fdb82b05-6906-4749-a18f-503ba8c26858,"""A(PD)""",ca_san_jose.zoning_districts:sha256:eae7823a22e72537d5738d473c6c8289e0e2af78e76be782ea5e432fdd5d04ba,cc_by_4_0_api_2026_08,high,2026-08-23 22:07:26.766016+00,
839c3b75-a826-47c4-b503-754c458d4d9c,eb44deed-e168-44b7-a29d-cb77cbbbf204,"""A(PD)""",ca_san_jose.zoning_districts:sha256:eae7823a22e72537d5738d473c6c8289e0e2af78e76be782ea5e432fdd5d04ba,cc_by_4_0_api_2026_08,high,2026-08-23 22:07:26.766016+00,
83fd7557-3ee0-4bed-8141-902a9843ab1b,faf611c8-cb62-4169-8e0d-c6e43e5032e4,"""IP(PD)""",ca_san_jose.zoning_districts:sha256:eae7823a22e72537d5738d473c6c8289e0e2af78e76be782ea5e432fdd5d04ba,cc_by_4_0_api_2026_08,high,2026-08-23 22:07:26.766016+00,
845edb38-109d-4e2d-8c5b-a88200958827,027cab85-a52d-49ca-8340-b25266465941,"""A(PD)""",ca_san_jose.zoning_districts:sha256:eae7823a22e72537d5738d473c6c8289e0e2af78e76be782ea5e432fdd5d04ba,cc_by_4_0_api_2026_08,high,2026-08-23 22:07:26.766016+00,
84843763-29bd-46e7-911d-0b7f3dbdea5b,a1f478b4-e8f6-4250-bfff-bee542978828,"""A(PD)""",ca_san_jose.zoning_districts:sha256:eae7823a22e72537d5738d473c6c8289e0e2af78e76be782ea5e432fdd5d04ba,cc_by_4_0_api_2026_08,high,2026-08-23 22:07:26.766016+00,
84a60faf-ef2e-44ea-8e28-4a5f6d610186,f45cbe70-1d6d-419a-bf2e-de95859519db,"""A(PD)""",ca_san_jose.zoning_districts:sha256:eae7823a22e72537d5738d473c6c8289e0e2af78e76be782ea5e432fdd5d04ba,cc_by_4_0_api_2026_08,high,2026-08-23 22:07:26.766016+00,
84f4697c-c612-47f6-8e52-edacd550822a,c027145d-3655-43c0-9330-489214b685de,"""A(PD)""",ca_san_jose.zoning_districts:sha256:eae7823a22e72537d5738d473c6c8289e0e2af78e76be782ea5e432fdd5d04ba,cc_by_4_0_api_2026_08,high,2026-08-23 22:07:26.766016+00,
853979e6-3f30-46c1-b6e7-c286ee9b08f7,9132ffef-1289-4a1d-9feb-a1123bd38b75,"""A(PD)""",ca_san_jose.zoning_districts:sha256:eae7823a22e72537d5738d473c6c8289e0e2af78e76be782ea5e432fdd5d04ba,cc_by_4_0_api_2026_08,high,2026-08-23 22:07:26.766016+00,
8540f710-d253-48c6-a418-56fa0e22430f,df74ea08-d28f-4cfb-9c66-b9bb03e9a8ee,"""A(PD)""",ca_san_jose.zoning_districts:sha256:eae7823a22e72537d5738d473c6c8289e0e2af78e76be782ea5e432fdd5d04ba,cc_by_4_0_api_2026_08,high,2026-08-23 22:07:26.766016+00,
85b8b858-e136-4666-9836-030f0ba34a47,ec746906-79cd-4bc7-a921-1a24364c7d72,"""A(PD)""",ca_san_jose.zoning_districts:sha256:eae7823a22e72537d5738d473c6c8289e0e2af78e76be782ea5e432fdd5d04ba,cc_by_4_0_api_2026_08,high,2026-08-23 22:07:26.766016+00,
86cf53e7-5eaa-4b52-a8cb-ae8917f7e679,850073e7-3e30-4635-9c4a-903a655de038,"""A(PD)""",ca_san_jose.zoning_districts:sha256:eae7823a22e72537d5738d473c6c8289e0e2af78e76be782ea5e432fdd5d04ba,cc_by_4_0_api_2026_08,high,2026-08-23 22:07:26.766016+00,
8707999d-c72e-4686-82d7-aa7ccaae91d4,84e3fcc4-a5fb-4fe2-9d3a-0ae50fbaba3a,"""A(PD)""",ca_san_jose.zoning_districts:sha256:eae7823a22e72537d5738d473c6c8289e0e2af78e76be782ea5e432fdd5d04ba,cc_by_4_0_api_2026_08,high,2026-08-23 22:07:26.766016+00,
872b6b68-0cbe-46c4-bf74-f992b096d8dd,937a0249-7711-4f24-b2f4-a7e070fe85e8,"""R-1-8""",ca_san_jose.zoning_districts:sha256:eae7823a22e72537d5738d473c6c8289e0e2af78e76be782ea5e432fdd5d04ba,cc_by_4_0_api_2026_08,high,2026-08-23 22:07:26.766016+00,
87415ab0-07e0-4efb-85a0-6247cbadc207,bb3b9025-0f09-417f-ba72-fd132a81ff5c,"""R-M(PD)""",ca_san_jose.zoning_districts:sha256:eae7823a22e72537d5738d473c6c8289e0e2af78e76be782ea5e432fdd5d04ba,cc_by_4_0_api_2026_08,high,2026-08-23 22:07:26.766016+00,
878b4f5b-a18e-4ba1-ac3d-c898fcf3ad6b,e5673856-f83f-4704-a324-362c5b755e39,"""A(PD)""",ca_san_jose.zoning_districts:sha256:eae7823a22e72537d5738d473c6c8289e0e2af78e76be782ea5e432fdd5d04ba,cc_by_4_0_api_2026_08,high,2026-08-23 22:07:26.766016+00,
87a78c3f-1e46-4ea9-8002-aa1ed6a8b0e0,831290d8-1955-48fc-952a-ab20f72bf54a,"""A(PD)""",ca_san_jose.zoning_districts:sha256:eae7823a22e72537d5738d473c6c8289e0e2af78e76be782ea5e432fdd5d04ba,cc_by_4_0_api_2026_08,high,2026-08-23 22:07:26.766016+00,
87ec6351-c031-402a-8970-12651360ed3c,5c4bf05d-0eaf-4882-98b3-1fdf77027acc,"""A(PD)""",ca_san_jose.zoning_districts:sha256:eae7823a22e72537d5738d473c6c8289e0e2af78e76be782ea5e432fdd5d04ba,cc_by_4_0_api_2026_08,high,2026-08-23 22:07:26.766016+00,
885bd27b-841c-4d4a-a8f8-2aba9e27b84b,fa4ea3c9-a226-4087-ab6b-05ff164f3206,"""A(PD)""",ca_san_jose.zoning_districts:sha256:eae7823a22e72537d5738d473c6c8289e0e2af78e76be782ea5e432fdd5d04ba,cc_by_4_0_api_2026_08,high,2026-08-23 22:07:26.766016+00,
88aed97a-9df1-464e-aad8-ae08ed02ca65,c9df98b6-2628-4d11-a2f9-8bce01463b82,"""A(PD)""",ca_san_jose.zoning_districts:sha256:eae7823a22e72537d5738d473c6c8289e0e2af78e76be782ea5e432fdd5d04ba,cc_by_4_0_api_2026_08,high,2026-08-23 22:07:26.766016+00,
88b7e436-3221-4774-907c-b4d1f543d7b9,6eff526e-a2c5-417c-94a7-a9596f935f56,"""HI""",ca_san_jose.zoning_districts:sha256:eae7823a22e72537d5738d473c6c8289e0e2af78e76be782ea5e432fdd5d04ba,cc_by_4_0_api_2026_08,high,2026-08-23 22:07:26.766016+00,
89b9a9a2-7035-4f28-9e3d-73e9d90a9abc,4b97537f-ae43-4485-87fb-94433050fabb,"""A(PD)""",ca_san_jose.zoning_districts:sha256:eae7823a22e72537d5738d473c6c8289e0e2af78e76be782ea5e432fdd5d04ba,cc_by_4_0_api_2026_08,high,2026-08-23 22:07:26.766016+00,
8a0946d0-20a0-4f04-b219-adc1fa4c2808,4599ed83-64a8-4493-85d2-5a08c9f395c7,"""A(PD)""",ca_san_jose.zoning_districts:sha256:eae7823a22e72537d5738d473c6c8289e0e2af78e76be782ea5e432fdd5d04ba,cc_by_4_0_api_2026_08,high,2026-08-23 22:07:26.766016+00,
8a18c15c-1f15-4a32-a0ca-bdbd33eb72eb,a2d88a71-ae0c-4e3f-8f9a-369640007019,"""A(PD)""",ca_san_jose.zoning_districts:sha256:eae7823a22e72537d5738d473c6c8289e0e2af78e76be782ea5e432fdd5d04ba,cc_by_4_0_api_2026_08,high,2026-08-23 22:07:26.766016+00,
8a20cc04-967b-48dc-9ae0-885a146c4856,672b32f2-5d3a-4962-a2f3-e628d55472e9,"""A(PD)""",ca_san_jose.zoning_districts:sha256:eae7823a22e72537d5738d473c6c8289e0e2af78e76be782ea5e432fdd5d04ba,cc_by_4_0_api_2026_08,high,2026-08-23 22:07:26.766016+00,
8a69bdd0-f897-4dff-a495-3dc8dee409d2,7a25c910-e2a5-4f61-b006-326fe4167c6d,"""R-2""",ca_san_jose.zoning_districts:sha256:eae7823a22e72537d5738d473c6c8289e0e2af78e76be782ea5e432fdd5d04ba,cc_by_4_0_api_2026_08,high,2026-08-23 22:07:26.766016+00,
8aaceb86-46f9-4c1a-9aaf-10bf8c739d1a,9ab04f96-c3b6-4ff4-a01f-aabd29c01190,"""IP(PD)""",ca_san_jose.zoning_districts:sha256:eae7823a22e72537d5738d473c6c8289e0e2af78e76be782ea5e432fdd5d04ba,cc_by_4_0_api_2026_08,high,2026-08-23 22:07:26.766016+00,
8ab46bd0-3a1a-45ee-888f-4f2aebe82ddb,825acab8-fb82-4260-9de2-cfc3df9a8776,"""A(PD)""",ca_san_jose.zoning_districts:sha256:eae7823a22e72537d5738d473c6c8289e0e2af78e76be782ea5e432fdd5d04ba,cc_by_4_0_api_2026_08,high,2026-08-23 22:07:26.766016+00,
8b422c27-07e2-4876-9998-0fc0db984836,1a1698da-9e33-469b-b555-915ec61ccd06,"""A(PD)""",ca_san_jose.zoning_districts:sha256:eae7823a22e72537d5738d473c6c8289e0e2af78e76be782ea5e432fdd5d04ba,cc_by_4_0_api_2026_08,high,2026-08-23 22:07:26.766016+00,
8b4d5a8e-ea10-47d6-8fe8-98e7df084547,9e0389da-0d07-4a65-8ff0-ab2a42e5b9f9,"""OS""",ca_san_jose.zoning_districts:sha256:eae7823a22e72537d5738d473c6c8289e0e2af78e76be782ea5e432fdd5d04ba,cc_by_4_0_api_2026_08,high,2026-08-23 22:07:26.766016+00,
8b75fd30-c200-4f38-98a1-a5a9eb22a8a4,eccc305b-8269-436a-b178-fd4522daea23,"""A""",ca_san_jose.zoning_districts:sha256:eae7823a22e72537d5738d473c6c8289e0e2af78e76be782ea5e432fdd5d04ba,cc_by_4_0_api_2026_08,high,2026-08-23 22:07:26.766016+00,
8b9ee1fe-7e64-4eba-bffb-1d4768887e87,847e3b54-865f-4c8e-9b29-e0a2a002488d,"""R-1-8""",ca_san_jose.zoning_districts:sha256:eae7823a22e72537d5738d473c6c8289e0e2af78e76be782ea5e432fdd5d04ba,cc_by_4_0_api_2026_08,high,2026-08-23 22:07:26.766016+00,
8ba4e583-7cf7-4810-b762-2be141e76583,cc08e6f8-44a6-45a2-ac87-06b54d272428,"""A(PD)""",ca_san_jose.zoning_districts:sha256:eae7823a22e72537d5738d473c6c8289e0e2af78e76be782ea5e432fdd5d04ba,cc_by_4_0_api_2026_08,high,2026-08-23 22:07:26.766016+00,
8bea2610-2b66-435b-837e-07c0b1dab0dc,d2149c96-1e87-4d92-8329-d41e9043ca26,"""OS""",ca_san_jose.zoning_districts:sha256:eae7823a22e72537d5738d473c6c8289e0e2af78e76be782ea5e432fdd5d04ba,cc_by_4_0_api_2026_08,high,2026-08-23 22:07:26.766016+00,
8c01ec8f-948b-4999-a159-05bce4e1d44f,d3f755cf-9a9d-4201-aa70-9041e90e5594,"""PQP""",ca_san_jose.zoning_districts:sha256:eae7823a22e72537d5738d473c6c8289e0e2af78e76be782ea5e432fdd5d04ba,cc_by_4_0_api_2026_08,high,2026-08-23 22:07:26.766016+00,
8c40efaf-7589-49db-b815-e31ad524f76d,30af61d9-e999-428f-aafe-4bd7569407bd,"""A(PD)""",ca_san_jose.zoning_districts:sha256:eae7823a22e72537d5738d473c6c8289e0e2af78e76be782ea5e432fdd5d04ba,cc_by_4_0_api_2026_08,high,2026-08-23 22:07:26.766016+00,
8cc563e5-35f0-4f27-b1e7-ac860202746c,37635f41-1064-41c7-b2fc-faf8bd0aad38,"""A(PD)""",ca_san_jose.zoning_districts:sha256:eae7823a22e72537d5738d473c6c8289e0e2af78e76be782ea5e432fdd5d04ba,cc_by_4_0_api_2026_08,high,2026-08-23 22:07:26.766016+00,
8cf95da9-59d3-4f92-954d-3bc08d385f06,e3d54c43-b010-4915-a720-f1ecfac6d979,"""R-1-8""",ca_san_jose.zoning_districts:sha256:eae7823a22e72537d5738d473c6c8289e0e2af78e76be782ea5e432fdd5d04ba,cc_by_4_0_api_2026_08,high,2026-08-23 22:07:26.766016+00,
8e50353c-1629-4051-8d1c-cacc0f4b87c6,0d980070-a2b4-42f1-9bd7-9a1ddf49c333,"""A(PD)""",ca_san_jose.zoning_districts:sha256:eae7823a22e72537d5738d473c6c8289e0e2af78e76be782ea5e432fdd5d04ba,cc_by_4_0_api_2026_08,high,2026-08-23 22:07:26.766016+00,
8e50f81a-616f-4b8f-a437-f281216bc886,a7f1cce0-b345-4e2e-b081-bccfaa37c3da,"""A""",ca_san_jose.zoning_districts:sha256:eae7823a22e72537d5738d473c6c8289e0e2af78e76be782ea5e432fdd5d04ba,cc_by_4_0_api_2026_08,high,2026-08-23 22:07:26.766016+00,
8e7a4424-d76d-462b-b9b1-72cd5f9dbc5e,01351a0d-b48b-43bd-9910-d7db7569c47a,"""A""",ca_san_jose.zoning_districts:sha256:eae7823a22e72537d5738d473c6c8289e0e2af78e76be782ea5e432fdd5d04ba,cc_by_4_0_api_2026_08,high,2026-08-23 22:07:26.766016+00,
8e7f8ecc-ccfc-4c0b-b705-0d44e04c72dc,e707d4a7-edd4-44b3-9b30-0fb7c04308fc,"""CP""",ca_san_jose.zoning_districts:sha256:eae7823a22e72537d5738d473c6c8289e0e2af78e76be782ea5e432fdd5d04ba,cc_by_4_0_api_2026_08,high,2026-08-23 22:07:26.766016+00,
8ea3d7fb-0d8d-4a96-842c-6db900e72d7c,b6ec1f0e-bebf-4a39-b904-3680e03941a5,"""R-1-8""",ca_san_jose.zoning_districts:sha256:eae7823a22e72537d5738d473c6c8289e0e2af78e76be782ea5e432fdd5d04ba,cc_by_4_0_api_2026_08,high,2026-08-23 22:07:26.766016+00,
8edf6549-945a-4b43-b3fc-c8ecf48de7c2,5d8fea6a-cbf9-4518-89e7-49e588a41c1e,"""A(PD)""",ca_san_jose.zoning_districts:sha256:eae7823a22e72537d5738d473c6c8289e0e2af78e76be782ea5e432fdd5d04ba,cc_by_4_0_api_2026_08,high,2026-08-23 22:07:26.766016+00,
8ee52550-56ce-4453-aefd-33fd8ab18e3a,6381bf8c-d462-49ee-8348-b5ce8aec4f7d,"""A(PD)""",ca_san_jose.zoning_districts:sha256:eae7823a22e72537d5738d473c6c8289e0e2af78e76be782ea5e432fdd5d04ba,cc_by_4_0_api_2026_08,high,2026-08-23 22:07:26.766016+00,
8eee047c-acd8-43e6-bb33-203e054b082f,a7617640-ec17-470e-a257-8ba4425b22c3,"""A(PD)""",ca_san_jose.zoning_districts:sha256:eae7823a22e72537d5738d473c6c8289e0e2af78e76be782ea5e432fdd5d04ba,cc_by_4_0_api_2026_08,high,2026-08-23 22:07:26.766016+00,
8ef642ef-dcc6-4445-8480-b3b3ea3993a0,3916da5f-babb-4b73-8d76-c2e5d8ea598a,"""R-1-5""",ca_san_jose.zoning_districts:sha256:eae7823a22e72537d5738d473c6c8289e0e2af78e76be782ea5e432fdd5d04ba,cc_by_4_0_api_2026_08,high,2026-08-23 22:07:26.766016+00,
8f3f7c4e-3710-4136-9b6b-940b09b5f880,190dddef-f12c-49a9-ba7a-75eb876b6d3d,"""A(PD)""",ca_san_jose.zoning_districts:sha256:eae7823a22e72537d5738d473c6c8289e0e2af78e76be782ea5e432fdd5d04ba,cc_by_4_0_api_2026_08,high,2026-08-23 22:07:26.766016+00,
8f42df93-467f-41c1-b31c-590d3dcd6b21,9c700be9-5d6a-4949-a7dc-28656f89649b,"""DC""",ca_san_jose.zoning_districts:sha256:eae7823a22e72537d5738d473c6c8289e0e2af78e76be782ea5e432fdd5d04ba,cc_by_4_0_api_2026_08,high,2026-08-23 22:07:26.766016+00,
8f8eec09-2408-4838-a24a-8d8479d690fc,fe75a05e-e226-49a1-9be7-56b872613f34,"""OS""",ca_san_jose.zoning_districts:sha256:eae7823a22e72537d5738d473c6c8289e0e2af78e76be782ea5e432fdd5d04ba,cc_by_4_0_api_2026_08,high,2026-08-23 22:07:26.766016+00,
8fc97784-899b-46ca-846c-05e4375b732f,55fd626e-a66f-422f-b08b-27e5831a015c,"""A(PD)""",ca_san_jose.zoning_districts:sha256:eae7823a22e72537d5738d473c6c8289e0e2af78e76be782ea5e432fdd5d04ba,cc_by_4_0_api_2026_08,high,2026-08-23 22:07:26.766016+00,
903b1875-f33f-4b55-8058-6e48b8a20a42,9388c67e-7345-450f-866a-d6bfd65ecc79,"""A(PD)""",ca_san_jose.zoning_districts:sha256:eae7823a22e72537d5738d473c6c8289e0e2af78e76be782ea5e432fdd5d04ba,cc_by_4_0_api_2026_08,high,2026-08-23 22:07:26.766016+00,
903b7e2b-c23b-4413-81a8-fb12819596d5,a177ee46-e0a8-4fe4-860c-442035da801b,"""A(PD)""",ca_san_jose.zoning_districts:sha256:eae7823a22e72537d5738d473c6c8289e0e2af78e76be782ea5e432fdd5d04ba,cc_by_4_0_api_2026_08,high,2026-08-23 22:07:26.766016+00,
90be4508-1a8a-42fa-85ca-0193fddf9a20,23cfac37-8026-40c2-a556-6fc58b8b940c,"""A(PD)""",ca_san_jose.zoning_districts:sha256:eae7823a22e72537d5738d473c6c8289e0e2af78e76be782ea5e432fdd5d04ba,cc_by_4_0_api_2026_08,high,2026-08-23 22:07:26.766016+00,
91371cf8-3af2-4fd3-82b0-080166892198,bf1044e7-f503-40b1-bfc0-5632004427f1,"""A(PD)""",ca_san_jose.zoning_districts:sha256:eae7823a22e72537d5738d473c6c8289e0e2af78e76be782ea5e432fdd5d04ba,cc_by_4_0_api_2026_08,high,2026-08-23 22:07:26.766016+00,
9166d32b-704b-46fa-8ecc-a2a53498ee6b,d35b4ad9-a3fe-4019-b11e-2fde6ec38720,"""CP(PD)""",ca_san_jose.zoning_districts:sha256:eae7823a22e72537d5738d473c6c8289e0e2af78e76be782ea5e432fdd5d04ba,cc_by_4_0_api_2026_08,high,2026-08-23 22:07:26.766016+00,
917745f0-240b-4a16-9f70-8a8fbdd2da77,85acd32b-12d9-430c-9539-15657d511551,"""R-M(PD)""",ca_san_jose.zoning_districts:sha256:eae7823a22e72537d5738d473c6c8289e0e2af78e76be782ea5e432fdd5d04ba,cc_by_4_0_api_2026_08,high,2026-08-23 22:07:26.766016+00,
91a45f10-2c9e-4dab-970e-142dc8d550b6,b04d2147-ce9e-43f2-9337-0395ca250782,"""A(PD)""",ca_san_jose.zoning_districts:sha256:eae7823a22e72537d5738d473c6c8289e0e2af78e76be782ea5e432fdd5d04ba,cc_by_4_0_api_2026_08,high,2026-08-23 22:07:26.766016+00,
91de4196-25e1-4f8e-9674-f4d1bb72406a,b0797d65-47a5-424e-a371-fa4c0b71d877,"""A(PD)""",ca_san_jose.zoning_districts:sha256:eae7823a22e72537d5738d473c6c8289e0e2af78e76be782ea5e432fdd5d04ba,cc_by_4_0_api_2026_08,high,2026-08-23 22:07:26.766016+00,
922df231-f9b7-4875-8c04-234f5d6c98c5,17e1bf13-4d21-4883-b4b8-13829b73238f,"""R-M""",ca_san_jose.zoning_districts:sha256:eae7823a22e72537d5738d473c6c8289e0e2af78e76be782ea5e432fdd5d04ba,cc_by_4_0_api_2026_08,high,2026-08-23 22:07:26.766016+00,
928f4290-077b-46a5-ba5c-618837aff31f,54f14225-fe34-49a9-a5f9-1cf635c10ff2,"""A(PD)""",ca_san_jose.zoning_districts:sha256:eae7823a22e72537d5738d473c6c8289e0e2af78e76be782ea5e432fdd5d04ba,cc_by_4_0_api_2026_08,high,2026-08-23 22:07:26.766016+00,
92c042a9-8df0-474e-9f38-e105b7804f43,03e8c462-7448-4158-ad7b-fbb214ed4268,"""A(PD)""",ca_san_jose.zoning_districts:sha256:eae7823a22e72537d5738d473c6c8289e0e2af78e76be782ea5e432fdd5d04ba,cc_by_4_0_api_2026_08,high,2026-08-23 22:07:26.766016+00,
92cba4a8-c33f-497b-bc0f-7f8b7c1707fd,b153bd06-6612-4bf3-b089-7556f07aa015,"""OS""",ca_san_jose.zoning_districts:sha256:eae7823a22e72537d5738d473c6c8289e0e2af78e76be782ea5e432fdd5d04ba,cc_by_4_0_api_2026_08,high,2026-08-23 22:07:26.766016+00,
92e012cc-e59d-4555-a71d-c7db446c75f5,48af859b-b43f-4b28-8416-54b012453fbd,"""A(PD)""",ca_san_jose.zoning_districts:sha256:eae7823a22e72537d5738d473c6c8289e0e2af78e76be782ea5e432fdd5d04ba,cc_by_4_0_api_2026_08,high,2026-08-23 22:07:26.766016+00,
9350621d-5219-49ec-a6fa-85036e1d192e,1af498aa-5f00-4dab-bafd-d11af624a746,"""A(PD)""",ca_san_jose.zoning_districts:sha256:eae7823a22e72537d5738d473c6c8289e0e2af78e76be782ea5e432fdd5d04ba,cc_by_4_0_api_2026_08,high,2026-08-23 22:07:26.766016+00,
9454aa5f-bf01-46f5-9810-f6f1d883f8f4,43a90e19-665f-4992-a20f-e662b265e071,"""A(PD)""",ca_san_jose.zoning_districts:sha256:eae7823a22e72537d5738d473c6c8289e0e2af78e76be782ea5e432fdd5d04ba,cc_by_4_0_api_2026_08,high,2026-08-23 22:07:26.766016+00,
945b4674-5214-44a6-bdb2-0073404b950f,ace57f63-44d3-4840-8d9e-f16c4011eac3,"""A(PD)""",ca_san_jose.zoning_districts:sha256:eae7823a22e72537d5738d473c6c8289e0e2af78e76be782ea5e432fdd5d04ba,cc_by_4_0_api_2026_08,high,2026-08-23 22:07:26.766016+00,
948db7ce-b339-48ed-b436-30c449678c05,45418fb9-b2ee-47f1-b55b-472458c2add9,"""A(PD)""",ca_san_jose.zoning_districts:sha256:eae7823a22e72537d5738d473c6c8289e0e2af78e76be782ea5e432fdd5d04ba,cc_by_4_0_api_2026_08,high,2026-08-23 22:07:26.766016+00,
94fbaa8f-aedb-4551-b11a-caa8cdc5a91c,48a2387e-9dc6-4946-a527-3724fa257198,"""R-M(PD)""",ca_san_jose.zoning_districts:sha256:eae7823a22e72537d5738d473c6c8289e0e2af78e76be782ea5e432fdd5d04ba,cc_by_4_0_api_2026_08,high,2026-08-23 22:07:26.766016+00,
94fd12a4-25bb-45f0-b852-75ef3e7ec262,3bac6983-6185-4d91-af2a-76d91a86cc08,"""A(PD)""",ca_san_jose.zoning_districts:sha256:eae7823a22e72537d5738d473c6c8289e0e2af78e76be782ea5e432fdd5d04ba,cc_by_4_0_api_2026_08,high,2026-08-23 22:07:26.766016+00,
951bf741-683b-40b2-9713-4251439808ea,1b5ff4ce-badd-4117-8609-3d69c45979af,"""A(PD)""",ca_san_jose.zoning_districts:sha256:eae7823a22e72537d5738d473c6c8289e0e2af78e76be782ea5e432fdd5d04ba,cc_by_4_0_api_2026_08,high,2026-08-23 22:07:26.766016+00,
955fa3ed-f724-4fee-b2d2-d041094e76eb,6095d1f9-35af-4d0c-9f20-c8845ac21e01,"""CP(PD)""",ca_san_jose.zoning_districts:sha256:eae7823a22e72537d5738d473c6c8289e0e2af78e76be782ea5e432fdd5d04ba,cc_by_4_0_api_2026_08,high,2026-08-23 22:07:26.766016+00,
95681e01-e3c0-40a1-b511-6147110bde28,18fbc25d-11b4-48a6-91b6-a4ad182c6b36,"""DC""",ca_san_jose.zoning_districts:sha256:eae7823a22e72537d5738d473c6c8289e0e2af78e76be782ea5e432fdd5d04ba,cc_by_4_0_api_2026_08,high,2026-08-23 22:07:26.766016+00,
95825114-e7b3-4448-9e93-d75232b22b39,6738b905-1a48-4609-9d64-bb3a5fecb46a,"""R-1-8""",ca_san_jose.zoning_districts:sha256:eae7823a22e72537d5738d473c6c8289e0e2af78e76be782ea5e432fdd5d04ba,cc_by_4_0_api_2026_08,high,2026-08-23 22:07:26.766016+00,
9583b4e5-f290-496d-8c31-163ceabe4f76,5fd09d8c-3c12-422c-91d2-203b2ae8a938,"""DC""",ca_san_jose.zoning_districts:sha256:eae7823a22e72537d5738d473c6c8289e0e2af78e76be782ea5e432fdd5d04ba,cc_by_4_0_api_2026_08,high,2026-08-23 22:07:26.766016+00,
95aef8ed-c012-4bcf-859f-bc4d9eaef173,5bcb13a1-aafa-484e-b494-3e252ad94f08,"""R-1-8(PD)""",ca_san_jose.zoning_districts:sha256:eae7823a22e72537d5738d473c6c8289e0e2af78e76be782ea5e432fdd5d04ba,cc_by_4_0_api_2026_08,high,2026-08-23 22:07:26.766016+00,
95cd7305-c2ca-4fa2-9d1a-2e4135e64ce9,6ebb35b7-fdbe-4d69-b918-712a339b3f84,"""CN""",ca_san_jose.zoning_districts:sha256:eae7823a22e72537d5738d473c6c8289e0e2af78e76be782ea5e432fdd5d04ba,cc_by_4_0_api_2026_08,high,2026-08-23 22:07:26.766016+00,
95ce3f6d-04a7-49b3-87ba-143793ddac0b,d189657e-5486-4507-9470-e86e323f2d93,"""R-1-5""",ca_san_jose.zoning_districts:sha256:eae7823a22e72537d5738d473c6c8289e0e2af78e76be782ea5e432fdd5d04ba,cc_by_4_0_api_2026_08,high,2026-08-23 22:07:26.766016+00,
95f08228-4e5a-42c9-90cd-3b041e471819,958acf54-f085-490d-a799-5c199f0cb2d6,"""A(PD)""",ca_san_jose.zoning_districts:sha256:eae7823a22e72537d5738d473c6c8289e0e2af78e76be782ea5e432fdd5d04ba,cc_by_4_0_api_2026_08,high,2026-08-23 22:07:26.766016+00,
963767be-3005-436a-a1b4-e29bd99153f0,48ac29b2-5305-4f20-b08c-48af641f375b,"""A(PD)""",ca_san_jose.zoning_districts:sha256:eae7823a22e72537d5738d473c6c8289e0e2af78e76be782ea5e432fdd5d04ba,cc_by_4_0_api_2026_08,high,2026-08-23 22:07:26.766016+00,
9666d912-20f6-4f22-87e5-07e104c263c6,4789d368-59b2-47af-86b9-40eb9c771573,"""R-M(PD)""",ca_san_jose.zoning_districts:sha256:eae7823a22e72537d5738d473c6c8289e0e2af78e76be782ea5e432fdd5d04ba,cc_by_4_0_api_2026_08,high,2026-08-23 22:07:26.766016+00,
968e6dfb-3eb6-4b6d-a405-4378080862c2,b11d0414-652c-4eaf-9fbf-dbe7afd6af78,"""WATER""",ca_san_jose.zoning_districts:sha256:eae7823a22e72537d5738d473c6c8289e0e2af78e76be782ea5e432fdd5d04ba,cc_by_4_0_api_2026_08,high,2026-08-23 22:07:26.766016+00,
96fa3cc6-b4b3-4b78-8532-2e6f0ccb1614,460458a5-ae2a-4732-bb79-6e05aac9680e,"""MUN""",ca_san_jose.zoning_districts:sha256:eae7823a22e72537d5738d473c6c8289e0e2af78e76be782ea5e432fdd5d04ba,cc_by_4_0_api_2026_08,high,2026-08-23 22:07:26.766016+00,
978d834b-cb7a-4581-88c8-ea98d227f537,b7c665ad-a112-4915-8506-0497b8108a5f,"""A(PD)""",ca_san_jose.zoning_districts:sha256:eae7823a22e72537d5738d473c6c8289e0e2af78e76be782ea5e432fdd5d04ba,cc_by_4_0_api_2026_08,high,2026-08-23 22:07:26.766016+00,
97a7053c-6fd0-4135-b92d-867096d58606,ce0c9367-62ff-426a-8caa-965aead10a09,"""A(PD)""",ca_san_jose.zoning_districts:sha256:eae7823a22e72537d5738d473c6c8289e0e2af78e76be782ea5e432fdd5d04ba,cc_by_4_0_api_2026_08,high,2026-08-23 22:07:26.766016+00,
97a9c9e2-9d3d-4120-9a03-1bd29f9c6b49,1bb63d6e-8ec2-403c-ab1a-a098807cf382,"""A(PD)""",ca_san_jose.zoning_districts:sha256:eae7823a22e72537d5738d473c6c8289e0e2af78e76be782ea5e432fdd5d04ba,cc_by_4_0_api_2026_08,high,2026-08-23 22:07:26.766016+00,
985aea4d-cfbc-4439-8fb5-9054120e8af8,a29e174d-52f1-4ace-8e69-c051d17633a8,"""A(PD)""",ca_san_jose.zoning_districts:sha256:eae7823a22e72537d5738d473c6c8289e0e2af78e76be782ea5e432fdd5d04ba,cc_by_4_0_api_2026_08,high,2026-08-23 22:07:26.766016+00,
985cdafd-1cba-45be-a834-0f2a5a98211e,20348515-21bd-4c03-8bd7-779bc73cfaad,"""A(PD)""",ca_san_jose.zoning_districts:sha256:eae7823a22e72537d5738d473c6c8289e0e2af78e76be782ea5e432fdd5d04ba,cc_by_4_0_api_2026_08,high,2026-08-23 22:07:26.766016+00,
98c25afe-1f14-4804-9ad6-866f47f42818,d4270f49-2a70-4d59-978b-acaa0ed9ccb3,"""R-2(PD)""",ca_san_jose.zoning_districts:sha256:eae7823a22e72537d5738d473c6c8289e0e2af78e76be782ea5e432fdd5d04ba,cc_by_4_0_api_2026_08,high,2026-08-23 22:07:26.766016+00,
98d3bf5a-6c1c-4e51-afc4-4c092d1c8c04,f0605c4c-a5be-43c9-b420-b49b4b6b8702,"""A(PD)""",ca_san_jose.zoning_districts:sha256:eae7823a22e72537d5738d473c6c8289e0e2af78e76be782ea5e432fdd5d04ba,cc_by_4_0_api_2026_08,high,2026-08-23 22:07:26.766016+00,
98e0c3dc-d984-4d15-91ac-652a4cd88e53,19c1741a-5798-4ba8-8d7c-74ba7a816f6c,"""IP(PD)""",ca_san_jose.zoning_districts:sha256:eae7823a22e72537d5738d473c6c8289e0e2af78e76be782ea5e432fdd5d04ba,cc_by_4_0_api_2026_08,high,2026-08-23 22:07:26.766016+00,
9906adc6-b5d5-4c8a-a6e4-8aea1530d1fe,c5afe542-c1fa-432c-908e-fca2c82d29e6,"""A(PD)""",ca_san_jose.zoning_districts:sha256:eae7823a22e72537d5738d473c6c8289e0e2af78e76be782ea5e432fdd5d04ba,cc_by_4_0_api_2026_08,high,2026-08-23 22:07:26.766016+00,
9907ef94-d96e-459a-8ede-3701cebe849b,90ca5ed8-f5cb-4af3-b174-c3e5c6b090b5,"""A(PD)""",ca_san_jose.zoning_districts:sha256:eae7823a22e72537d5738d473c6c8289e0e2af78e76be782ea5e432fdd5d04ba,cc_by_4_0_api_2026_08,high,2026-08-23 22:07:26.766016+00,
995a7a4c-eebc-4243-81f1-20c4102e88c5,d6cb45f9-6bf2-4b20-8070-3db1495ff4ce,"""A(PD)""",ca_san_jose.zoning_districts:sha256:eae7823a22e72537d5738d473c6c8289e0e2af78e76be782ea5e432fdd5d04ba,cc_by_4_0_api_2026_08,high,2026-08-23 22:07:26.766016+00,
997f8b0d-785c-4148-8bcf-e6d5704a7f32,73d87664-4a3a-4206-b732-89e61ef1e8dd,"""A(PD)""",ca_san_jose.zoning_districts:sha256:eae7823a22e72537d5738d473c6c8289e0e2af78e76be782ea5e432fdd5d04ba,cc_by_4_0_api_2026_08,high,2026-08-23 22:07:26.766016+00,
99cf1434-1929-4a4f-aaa6-3caf12c9803b,41b07cd2-fd57-4d6b-b2bb-6629ff5f690c,"""R-1-8""",ca_san_jose.zoning_districts:sha256:eae7823a22e72537d5738d473c6c8289e0e2af78e76be782ea5e432fdd5d04ba,cc_by_4_0_api_2026_08,high,2026-08-23 22:07:26.766016+00,
9a09f323-e07e-4032-b9e2-8710d0e8bc4f,cc2b6499-7756-4bdb-a818-72e56e87ab1e,"""A(PD)""",ca_san_jose.zoning_districts:sha256:eae7823a22e72537d5738d473c6c8289e0e2af78e76be782ea5e432fdd5d04ba,cc_by_4_0_api_2026_08,high,2026-08-23 22:07:26.766016+00,
9a0ed0b8-74e2-4bc9-ba60-b5720416c009,32234ca8-9e27-485f-9707-1e8bd51867da,"""R-1-8(PD)""",ca_san_jose.zoning_districts:sha256:eae7823a22e72537d5738d473c6c8289e0e2af78e76be782ea5e432fdd5d04ba,cc_by_4_0_api_2026_08,high,2026-08-23 22:07:26.766016+00,
9a227e93-fa90-45d0-895c-785bab6a2799,52380912-d9de-4778-87ca-7af998d6e729,"""A(PD)""",ca_san_jose.zoning_districts:sha256:eae7823a22e72537d5738d473c6c8289e0e2af78e76be782ea5e432fdd5d04ba,cc_by_4_0_api_2026_08,high,2026-08-23 22:07:26.766016+00,
9a962bf7-6111-4dbc-84ef-432ce84817dc,9ffdc2ce-2685-4fe5-ac92-7224930117d1,"""A(PD)""",ca_san_jose.zoning_districts:sha256:eae7823a22e72537d5738d473c6c8289e0e2af78e76be782ea5e432fdd5d04ba,cc_by_4_0_api_2026_08,high,2026-08-23 22:07:26.766016+00,
9b08f327-2634-4915-a89f-ac9832e416c9,9aec3f5c-3ee7-4f91-8287-da63ec1c2881,"""A(PD)""",ca_san_jose.zoning_districts:sha256:eae7823a22e72537d5738d473c6c8289e0e2af78e76be782ea5e432fdd5d04ba,cc_by_4_0_api_2026_08,high,2026-08-23 22:07:26.766016+00,
9b4a4261-5af7-43ab-84a9-fdbc2d431c94,f5d58324-a00e-486c-98dc-a4ab9c7ca04a,"""A(PD)""",ca_san_jose.zoning_districts:sha256:eae7823a22e72537d5738d473c6c8289e0e2af78e76be782ea5e432fdd5d04ba,cc_by_4_0_api_2026_08,high,2026-08-23 22:07:26.766016+00,
9b5257d8-a80a-4269-b057-563abd1a753d,7ef83b64-91a4-4eaf-ac5c-86b8df03a8d2,"""HI""",ca_san_jose.zoning_districts:sha256:eae7823a22e72537d5738d473c6c8289e0e2af78e76be782ea5e432fdd5d04ba,cc_by_4_0_api_2026_08,high,2026-08-23 22:07:26.766016+00,
9b690592-0d5f-4add-967f-d69439b38275,145c40c5-13a8-4325-ac69-ea2ef93278a9,"""A(PD)""",ca_san_jose.zoning_districts:sha256:eae7823a22e72537d5738d473c6c8289e0e2af78e76be782ea5e432fdd5d04ba,cc_by_4_0_api_2026_08,high,2026-08-23 22:07:26.766016+00,
9b6aec22-1fce-40a5-bfcf-3336c76ae901,05486a76-515b-4e0d-aa3d-6f15371d6d84,"""A(PD)""",ca_san_jose.zoning_districts:sha256:eae7823a22e72537d5738d473c6c8289e0e2af78e76be782ea5e432fdd5d04ba,cc_by_4_0_api_2026_08,high,2026-08-23 22:07:26.766016+00,
9b7814e8-942d-4b97-b099-a1a72e4cc783,e5379041-7254-4dc0-942c-7d60e9f65d1f,"""A(PD)""",ca_san_jose.zoning_districts:sha256:eae7823a22e72537d5738d473c6c8289e0e2af78e76be782ea5e432fdd5d04ba,cc_by_4_0_api_2026_08,high,2026-08-23 22:07:26.766016+00,
9b8b1184-241e-4874-8c71-7e3e4039a70d,5a656200-8d7a-4d2f-b962-6ffb967f243b,"""A(PD)""",ca_san_jose.zoning_districts:sha256:eae7823a22e72537d5738d473c6c8289e0e2af78e76be782ea5e432fdd5d04ba,cc_by_4_0_api_2026_08,high,2026-08-23 22:07:26.766016+00,
9b8d0d7b-e29f-43da-8800-034a41fb1141,ec8054d7-d38e-4859-9001-ea4d4bd9adb5,"""A(PD)""",ca_san_jose.zoning_districts:sha256:eae7823a22e72537d5738d473c6c8289e0e2af78e76be782ea5e432fdd5d04ba,cc_by_4_0_api_2026_08,high,2026-08-23 22:07:26.766016+00,
9bb24200-c237-4e44-8533-f82b0464b10a,b13da07e-a864-4901-a697-52deb0ef65f8,"""A(PD)""",ca_san_jose.zoning_districts:sha256:eae7823a22e72537d5738d473c6c8289e0e2af78e76be782ea5e432fdd5d04ba,cc_by_4_0_api_2026_08,high,2026-08-23 22:07:26.766016+00,
9c155c6b-35e3-4808-9df9-259acfe88c89,e2452877-e57c-48ae-b3eb-8bac36de1143,"""IP""",ca_san_jose.zoning_districts:sha256:eae7823a22e72537d5738d473c6c8289e0e2af78e76be782ea5e432fdd5d04ba,cc_by_4_0_api_2026_08,high,2026-08-23 22:07:26.766016+00,
9c187f93-71c9-45e4-9649-4b0400b5472d,a424eb65-a2d0-465c-a53b-6d23a52446a8,"""R-M(PD)""",ca_san_jose.zoning_districts:sha256:eae7823a22e72537d5738d473c6c8289e0e2af78e76be782ea5e432fdd5d04ba,cc_by_4_0_api_2026_08,high,2026-08-23 22:07:26.766016+00,
9c2bd6be-9e7d-4d4a-be77-a643ddfe1c46,b33973d0-b175-46fd-9283-c4f7978db315,"""A(PD)""",ca_san_jose.zoning_districts:sha256:eae7823a22e72537d5738d473c6c8289e0e2af78e76be782ea5e432fdd5d04ba,cc_by_4_0_api_2026_08,high,2026-08-23 22:07:26.766016+00,
9c7ec6e5-16c0-4ab7-aeff-33436abc4954,3db6f571-fd23-483b-9fd7-5799822a424e,"""A(PD)""",ca_san_jose.zoning_districts:sha256:eae7823a22e72537d5738d473c6c8289e0e2af78e76be782ea5e432fdd5d04ba,cc_by_4_0_api_2026_08,high,2026-08-23 22:07:26.766016+00,
9cb1b190-e1af-412d-80a5-35eba41fa8d3,a4e4f3d7-4def-4520-aace-7e077183ef45,"""A(PD)""",ca_san_jose.zoning_districts:sha256:eae7823a22e72537d5738d473c6c8289e0e2af78e76be782ea5e432fdd5d04ba,cc_by_4_0_api_2026_08,high,2026-08-23 22:07:26.766016+00,
9cde8b40-2bff-4cc5-99aa-1c0c7e4fbb97,9972dae3-45f5-43d9-aa52-b44546d9311a,"""A(PD)""",ca_san_jose.zoning_districts:sha256:eae7823a22e72537d5738d473c6c8289e0e2af78e76be782ea5e432fdd5d04ba,cc_by_4_0_api_2026_08,high,2026-08-23 22:07:26.766016+00,
9d187935-959f-4876-b5f5-f2752008b559,3d50bef6-ec50-4487-a265-b4d1d3bab645,"""A(PD)""",ca_san_jose.zoning_districts:sha256:eae7823a22e72537d5738d473c6c8289e0e2af78e76be782ea5e432fdd5d04ba,cc_by_4_0_api_2026_08,high,2026-08-23 22:07:26.766016+00,
9d3f03b6-9617-48c2-b14d-213438c27891,e483f260-53df-452b-bde2-d735edcc0749,"""A""",ca_san_jose.zoning_districts:sha256:eae7823a22e72537d5738d473c6c8289e0e2af78e76be782ea5e432fdd5d04ba,cc_by_4_0_api_2026_08,high,2026-08-23 22:07:26.766016+00,
9d4e21d6-16ef-469f-a0d5-43b4da6643c5,5fa65706-8299-4b48-a192-fa3fe30eadec,"""A(PD)""",ca_san_jose.zoning_districts:sha256:eae7823a22e72537d5738d473c6c8289e0e2af78e76be782ea5e432fdd5d04ba,cc_by_4_0_api_2026_08,high,2026-08-23 22:07:26.766016+00,
9d8a6c2f-5d0e-45b1-a998-fe37e57d82a1,b5160bc7-ae50-4aba-b9f3-daf17bc4e39d,"""A(PD)""",ca_san_jose.zoning_districts:sha256:eae7823a22e72537d5738d473c6c8289e0e2af78e76be782ea5e432fdd5d04ba,cc_by_4_0_api_2026_08,high,2026-08-23 22:07:26.766016+00,
9dc0c45c-a719-4442-90f5-b7efbaf537a8,bf13256e-c68d-4c32-938c-15c002a18353,"""R-2""",ca_san_jose.zoning_districts:sha256:eae7823a22e72537d5738d473c6c8289e0e2af78e76be782ea5e432fdd5d04ba,cc_by_4_0_api_2026_08,high,2026-08-23 22:07:26.766016+00,
9ddc75e9-9d19-4678-883c-dfa4fbf77b27,c4f4d208-f9c8-4843-b492-20fd1677256d,"""A(PD)""",ca_san_jose.zoning_districts:sha256:eae7823a22e72537d5738d473c6c8289e0e2af78e76be782ea5e432fdd5d04ba,cc_by_4_0_api_2026_08,high,2026-08-23 22:07:26.766016+00,
9e306c5a-d8fc-4550-a36d-19b8b993de49,a6e4db95-ab54-4d6a-ba14-859a70a8381f,"""A(PD)""",ca_san_jose.zoning_districts:sha256:eae7823a22e72537d5738d473c6c8289e0e2af78e76be782ea5e432fdd5d04ba,cc_by_4_0_api_2026_08,high,2026-08-23 22:07:26.766016+00,
9e74f9e0-e116-4588-a0f7-1efd2545909f,dc067917-8fc8-44e5-aa5d-05a591be9048,"""A(PD)""",ca_san_jose.zoning_districts:sha256:eae7823a22e72537d5738d473c6c8289e0e2af78e76be782ea5e432fdd5d04ba,cc_by_4_0_api_2026_08,high,2026-08-23 22:07:26.766016+00,
9efc16ec-1dca-4b12-8f2a-22e484de3cab,f39c4334-b655-4ac3-b6ba-b05f179b4fd2,"""A(PD)""",ca_san_jose.zoning_districts:sha256:eae7823a22e72537d5738d473c6c8289e0e2af78e76be782ea5e432fdd5d04ba,cc_by_4_0_api_2026_08,high,2026-08-23 22:07:26.766016+00,
9f43b021-275e-47b8-aa7c-b42cdd95355c,87d507af-a506-4b88-aec1-4763d016699c,"""CG""",ca_san_jose.zoning_districts:sha256:eae7823a22e72537d5738d473c6c8289e0e2af78e76be782ea5e432fdd5d04ba,cc_by_4_0_api_2026_08,high,2026-08-23 22:07:26.766016+00,
9f4e070d-48a9-4cb3-a598-98823a10b425,c75a5e33-9094-451d-8741-41a7b91e7dd9,"""A(PD)""",ca_san_jose.zoning_districts:sha256:eae7823a22e72537d5738d473c6c8289e0e2af78e76be782ea5e432fdd5d04ba,cc_by_4_0_api_2026_08,high,2026-08-23 22:07:26.766016+00,
9fd0464a-50e0-4bcf-974f-a18baa1ded9b,59b810f0-ea70-4d28-87c4-d4bd3adbeaae,"""CP(PD)""",ca_san_jose.zoning_districts:sha256:eae7823a22e72537d5738d473c6c8289e0e2af78e76be782ea5e432fdd5d04ba,cc_by_4_0_api_2026_08,high,2026-08-23 22:07:26.766016+00,
a015f00a-c11c-4fcb-bc6a-d5fc5c3303c2,8b451af8-da9a-4774-87f0-295b60efd152,"""A(PD)""",ca_san_jose.zoning_districts:sha256:eae7823a22e72537d5738d473c6c8289e0e2af78e76be782ea5e432fdd5d04ba,cc_by_4_0_api_2026_08,high,2026-08-23 22:07:26.766016+00,
a0223ecb-0a06-4600-a51a-8034fd9ed720,2446f9b6-9104-4d92-a9b3-d60580a3c282,"""A(PD)""",ca_san_jose.zoning_districts:sha256:eae7823a22e72537d5738d473c6c8289e0e2af78e76be782ea5e432fdd5d04ba,cc_by_4_0_api_2026_08,high,2026-08-23 22:07:26.766016+00,
a039f5bb-21e0-47e7-bfaa-6c2d64fca91f,e5cbc306-26e5-4355-8aa4-1eaafdf6a0a7,"""HI""",ca_san_jose.zoning_districts:sha256:eae7823a22e72537d5738d473c6c8289e0e2af78e76be782ea5e432fdd5d04ba,cc_by_4_0_api_2026_08,high,2026-08-23 22:07:26.766016+00,
a0575c0e-057a-4caa-916c-26191978136c,6eab898d-1420-4333-9f0e-12fd1aff726a,"""A(PD)""",ca_san_jose.zoning_districts:sha256:eae7823a22e72537d5738d473c6c8289e0e2af78e76be782ea5e432fdd5d04ba,cc_by_4_0_api_2026_08,high,2026-08-23 22:07:26.766016+00,
a08e7495-6d78-463b-b6d8-0711187c47c9,0c77816b-4ba2-4195-a6ff-37f132ca7319,"""DC""",ca_san_jose.zoning_districts:sha256:eae7823a22e72537d5738d473c6c8289e0e2af78e76be782ea5e432fdd5d04ba,cc_by_4_0_api_2026_08,high,2026-08-23 22:07:26.766016+00,
a0c927c0-7256-4d4a-94f4-89bc06a3f2aa,9f1473d4-3a90-4fc3-b5ea-feb2b49cb402,"""A(PD)""",ca_san_jose.zoning_districts:sha256:eae7823a22e72537d5738d473c6c8289e0e2af78e76be782ea5e432fdd5d04ba,cc_by_4_0_api_2026_08,high,2026-08-23 22:07:26.766016+00,
a0f23dc2-c777-4c64-be04-eecc72b6b143,2d5fa31e-636b-4603-9b3f-09470c48c09c,"""A(PD)""",ca_san_jose.zoning_districts:sha256:eae7823a22e72537d5738d473c6c8289e0e2af78e76be782ea5e432fdd5d04ba,cc_by_4_0_api_2026_08,high,2026-08-23 22:07:26.766016+00,
a14db3bd-723c-4d2c-9a4c-5f1c479c94f2,13d66b72-0546-4ede-acae-6a1f99c395f4,"""A(PD)""",ca_san_jose.zoning_districts:sha256:eae7823a22e72537d5738d473c6c8289e0e2af78e76be782ea5e432fdd5d04ba,cc_by_4_0_api_2026_08,high,2026-08-23 22:07:26.766016+00,
a20b316f-4ca9-46b7-abf7-642440e3ff25,bc4aae8e-b2dc-45b8-9bdd-8d65283f36ab,"""A(PD)""",ca_san_jose.zoning_districts:sha256:eae7823a22e72537d5738d473c6c8289e0e2af78e76be782ea5e432fdd5d04ba,cc_by_4_0_api_2026_08,high,2026-08-23 22:07:26.766016+00,
a2ecb2b3-717c-4ea3-8d0a-f55515f58269,3bc049a2-553d-44b2-a865-607fa22d7d60,"""A(PD)""",ca_san_jose.zoning_districts:sha256:eae7823a22e72537d5738d473c6c8289e0e2af78e76be782ea5e432fdd5d04ba,cc_by_4_0_api_2026_08,high,2026-08-23 22:07:26.766016+00,
a364ad1e-b69d-4bb0-8ac5-f1ba6aa9d145,e8156ae5-2c8e-43f0-b824-8cd9375a6774,"""A(PD)""",ca_san_jose.zoning_districts:sha256:eae7823a22e72537d5738d473c6c8289e0e2af78e76be782ea5e432fdd5d04ba,cc_by_4_0_api_2026_08,high,2026-08-23 22:07:26.766016+00,
a394cbe4-97aa-4ea0-bf63-e460075ac390,47362d56-5d7c-4fb1-a56d-6d11eac55992,"""A(PD)""",ca_san_jose.zoning_districts:sha256:eae7823a22e72537d5738d473c6c8289e0e2af78e76be782ea5e432fdd5d04ba,cc_by_4_0_api_2026_08,high,2026-08-23 22:07:26.766016+00,
a3ae9131-4656-4da8-a56a-ef4a1e9ab91e,1af6012d-cabc-4b04-a52a-7c86a240d93d,"""R-M""",ca_san_jose.zoning_districts:sha256:eae7823a22e72537d5738d473c6c8289e0e2af78e76be782ea5e432fdd5d04ba,cc_by_4_0_api_2026_08,high,2026-08-23 22:07:26.766016+00,
a3de7af3-5f91-468a-8e3c-2581c5c51f5a,e1469fe2-6368-4463-82e0-f38f01e02342,"""A(PD)""",ca_san_jose.zoning_districts:sha256:eae7823a22e72537d5738d473c6c8289e0e2af78e76be782ea5e432fdd5d04ba,cc_by_4_0_api_2026_08,high,2026-08-23 22:07:26.766016+00,
a43586fc-1114-4e8f-9aa3-47c77648861c,e40118b2-dd97-47d5-825e-0f0cd56a6129,"""A(PD)""",ca_san_jose.zoning_districts:sha256:eae7823a22e72537d5738d473c6c8289e0e2af78e76be782ea5e432fdd5d04ba,cc_by_4_0_api_2026_08,high,2026-08-23 22:07:26.766016+00,
a45dc21a-42b2-4ada-bf6a-dd4901a228d4,b01c1e92-36f5-4c49-be63-a7b633f7ff83,"""A(PD)""",ca_san_jose.zoning_districts:sha256:eae7823a22e72537d5738d473c6c8289e0e2af78e76be782ea5e432fdd5d04ba,cc_by_4_0_api_2026_08,high,2026-08-23 22:07:26.766016+00,
a49509a7-e93a-46be-b1ca-a6f33199f459,87bd120f-e4e5-4cff-8c6f-5cd45a2761b6,"""A(PD)""",ca_san_jose.zoning_districts:sha256:eae7823a22e72537d5738d473c6c8289e0e2af78e76be782ea5e432fdd5d04ba,cc_by_4_0_api_2026_08,high,2026-08-23 22:07:26.766016+00,
a4aa127e-1b69-4464-a596-e164ff95c7c1,f880dd96-3d3b-46bd-a790-3aa7cc9c2a02,"""A(PD)""",ca_san_jose.zoning_districts:sha256:eae7823a22e72537d5738d473c6c8289e0e2af78e76be782ea5e432fdd5d04ba,cc_by_4_0_api_2026_08,high,2026-08-23 22:07:26.766016+00,
a4b20795-4515-4175-b773-e1a2f6200ae0,e4f19a54-bad6-49fb-b9b5-cb45a6e55591,"""A(PD)""",ca_san_jose.zoning_districts:sha256:eae7823a22e72537d5738d473c6c8289e0e2af78e76be782ea5e432fdd5d04ba,cc_by_4_0_api_2026_08,high,2026-08-23 22:07:26.766016+00,
a4d1a9e5-6d08-40d1-85cb-58b51c667ae1,ef7f7886-9511-4a91-83e6-7f41dc3b99fc,"""A(PD)""",ca_san_jose.zoning_districts:sha256:eae7823a22e72537d5738d473c6c8289e0e2af78e76be782ea5e432fdd5d04ba,cc_by_4_0_api_2026_08,high,2026-08-23 22:07:26.766016+00,
a507b2fd-8d47-4aed-a5c4-63e7444e6f08,5e031187-1cde-4a79-a9a9-d55814fe9f3b,"""R-1-8""",ca_san_jose.zoning_districts:sha256:eae7823a22e72537d5738d473c6c8289e0e2af78e76be782ea5e432fdd5d04ba,cc_by_4_0_api_2026_08,high,2026-08-23 22:07:26.766016+00,
a54f3851-cd26-418d-a7c2-d427295046ac,ec004541-ad79-4460-914e-180d726a7f29,"""A(PD)""",ca_san_jose.zoning_districts:sha256:eae7823a22e72537d5738d473c6c8289e0e2af78e76be782ea5e432fdd5d04ba,cc_by_4_0_api_2026_08,high,2026-08-23 22:07:26.766016+00,
a56154ce-7920-41ff-9d33-7d1d349cb005,52cd58d5-4d0a-4ade-8a3b-9a106e8880e5,"""R-1-8""",ca_san_jose.zoning_districts:sha256:eae7823a22e72537d5738d473c6c8289e0e2af78e76be782ea5e432fdd5d04ba,cc_by_4_0_api_2026_08,high,2026-08-23 22:07:26.766016+00,
a5647256-1169-40c9-af86-e9c3fba9bd08,1b214bc3-1a41-4381-93dd-33fb575d9cde,"""R-1-8""",ca_san_jose.zoning_districts:sha256:eae7823a22e72537d5738d473c6c8289e0e2af78e76be782ea5e432fdd5d04ba,cc_by_4_0_api_2026_08,high,2026-08-23 22:07:26.766016+00,
a569b563-0f7f-408a-a91c-5f0009d22c87,c29652dd-0ab4-417c-afa6-5ccdc25ac821,"""A(PD)""",ca_san_jose.zoning_districts:sha256:eae7823a22e72537d5738d473c6c8289e0e2af78e76be782ea5e432fdd5d04ba,cc_by_4_0_api_2026_08,high,2026-08-23 22:07:26.766016+00,
a582ec31-fd63-4f55-91f3-40338fb30a45,ffea8bed-0ad4-4c37-970b-24927daa6869,"""A(PD)""",ca_san_jose.zoning_districts:sha256:eae7823a22e72537d5738d473c6c8289e0e2af78e76be782ea5e432fdd5d04ba,cc_by_4_0_api_2026_08,high,2026-08-23 22:07:26.766016+00,
a588e5e3-b8d5-4214-ac71-c6c5e96815ca,16a30794-216f-4561-b6e3-411e1cb0b993,"""A(PD)""",ca_san_jose.zoning_districts:sha256:eae7823a22e72537d5738d473c6c8289e0e2af78e76be782ea5e432fdd5d04ba,cc_by_4_0_api_2026_08,high,2026-08-23 22:07:26.766016+00,
a5abfb2f-5881-4b24-bead-da87522aac4a,0f81fa88-7518-4ae1-aa3a-62b929e3bb51,"""A(PD)""",ca_san_jose.zoning_districts:sha256:eae7823a22e72537d5738d473c6c8289e0e2af78e76be782ea5e432fdd5d04ba,cc_by_4_0_api_2026_08,high,2026-08-23 22:07:26.766016+00,
a5bd880d-fa73-4a8f-9690-6a1ad139dc4d,1eda83fd-9009-4ed3-93a8-652e43d2647a,"""A(PD)""",ca_san_jose.zoning_districts:sha256:eae7823a22e72537d5738d473c6c8289e0e2af78e76be782ea5e432fdd5d04ba,cc_by_4_0_api_2026_08,high,2026-08-23 22:07:26.766016+00,
a606f5db-c8d3-4740-80ac-cc986787ec5d,79b15357-1542-4b2c-97d0-30e39ef879d6,"""OS""",ca_san_jose.zoning_districts:sha256:eae7823a22e72537d5738d473c6c8289e0e2af78e76be782ea5e432fdd5d04ba,cc_by_4_0_api_2026_08,high,2026-08-23 22:07:26.766016+00,
a60a2aba-2636-4449-91bb-7f1f35ffaa8d,eed02599-029b-459d-8211-b482525134db,"""A(PD)""",ca_san_jose.zoning_districts:sha256:eae7823a22e72537d5738d473c6c8289e0e2af78e76be782ea5e432fdd5d04ba,cc_by_4_0_api_2026_08,high,2026-08-23 22:07:26.766016+00,
a6298d84-caeb-4758-8bbd-426e90fa0ad8,f43d2843-4d11-4f2c-bc1c-dd13fa4f6ed8,"""A(PD)""",ca_san_jose.zoning_districts:sha256:eae7823a22e72537d5738d473c6c8289e0e2af78e76be782ea5e432fdd5d04ba,cc_by_4_0_api_2026_08,high,2026-08-23 22:07:26.766016+00,
a6375a3e-d72c-4b9c-8ef1-472f1b882b6b,4614ba66-d50c-466a-b27a-90558ca90de5,"""R-M(PD)""",ca_san_jose.zoning_districts:sha256:eae7823a22e72537d5738d473c6c8289e0e2af78e76be782ea5e432fdd5d04ba,cc_by_4_0_api_2026_08,high,2026-08-23 22:07:26.766016+00,
a6592ec4-676f-4ce7-bf35-518b8c30f1a3,2f6b3a74-9176-4ae8-a534-c472968b4547,"""A(PD)""",ca_san_jose.zoning_districts:sha256:eae7823a22e72537d5738d473c6c8289e0e2af78e76be782ea5e432fdd5d04ba,cc_by_4_0_api_2026_08,high,2026-08-23 22:07:26.766016+00,
a6597672-959b-4ad8-8d26-7fac0693bf5b,4e3573d7-a4de-4dc5-8050-61e7e453b7d7,"""A(PD)""",ca_san_jose.zoning_districts:sha256:eae7823a22e72537d5738d473c6c8289e0e2af78e76be782ea5e432fdd5d04ba,cc_by_4_0_api_2026_08,high,2026-08-23 22:07:26.766016+00,
a69d2f37-deca-4599-bb28-b7b5caedb441,0fa6a3a1-34dc-47c4-8ca7-c0777fdc8d69,"""PQP""",ca_san_jose.zoning_districts:sha256:eae7823a22e72537d5738d473c6c8289e0e2af78e76be782ea5e432fdd5d04ba,cc_by_4_0_api_2026_08,high,2026-08-23 22:07:26.766016+00,
a6cedfa9-e89f-477f-a0cb-cf1e5e1a2948,ed9db4c7-562a-42b7-a085-891d1988e1e5,"""A(PD)""",ca_san_jose.zoning_districts:sha256:eae7823a22e72537d5738d473c6c8289e0e2af78e76be782ea5e432fdd5d04ba,cc_by_4_0_api_2026_08,high,2026-08-23 22:07:26.766016+00,
a6ee6b68-1cb1-4c8e-9bef-8c0eeb3411a3,5084212e-3766-4f92-9a65-6cb64d5256ce,"""A(PD)""",ca_san_jose.zoning_districts:sha256:eae7823a22e72537d5738d473c6c8289e0e2af78e76be782ea5e432fdd5d04ba,cc_by_4_0_api_2026_08,high,2026-08-23 22:07:26.766016+00,
a7bffe6c-f248-441e-9f7e-8851e265dfe9,681c326a-0aa6-4ab8-8f0d-96b725515c49,"""A(PD)""",ca_san_jose.zoning_districts:sha256:eae7823a22e72537d5738d473c6c8289e0e2af78e76be782ea5e432fdd5d04ba,cc_by_4_0_api_2026_08,high,2026-08-23 22:07:26.766016+00,
a7d9fef2-6452-46d7-85ee-5c10608f4344,df26b2ac-c5bc-4d66-935a-246f5ae06fb1,"""A(PD)""",ca_san_jose.zoning_districts:sha256:eae7823a22e72537d5738d473c6c8289e0e2af78e76be782ea5e432fdd5d04ba,cc_by_4_0_api_2026_08,high,2026-08-23 22:07:26.766016+00,
a829af33-037c-4a2a-ac15-e9265432aa48,5a56959b-557d-4555-ba8a-f4dfc6754ccc,"""A(PD)""",ca_san_jose.zoning_districts:sha256:eae7823a22e72537d5738d473c6c8289e0e2af78e76be782ea5e432fdd5d04ba,cc_by_4_0_api_2026_08,high,2026-08-23 22:07:26.766016+00,
a83905cc-60f5-4262-b69c-77db23a053a3,5c006bd7-2131-4209-9bc9-3d174bb02652,"""CP(PD)""",ca_san_jose.zoning_districts:sha256:eae7823a22e72537d5738d473c6c8289e0e2af78e76be782ea5e432fdd5d04ba,cc_by_4_0_api_2026_08,high,2026-08-23 22:07:26.766016+00,
a8518783-d1d5-461f-9e86-5ca3643ddafb,c8326b01-6630-408b-9222-06f296ae82f5,"""A(PD)""",ca_san_jose.zoning_districts:sha256:eae7823a22e72537d5738d473c6c8289e0e2af78e76be782ea5e432fdd5d04ba,cc_by_4_0_api_2026_08,high,2026-08-23 22:07:26.766016+00,
a85d1942-1eb4-42d9-b572-04f7b03b07af,156eef31-94f6-4c0e-abdd-973ef189f1f4,"""OS""",ca_san_jose.zoning_districts:sha256:eae7823a22e72537d5738d473c6c8289e0e2af78e76be782ea5e432fdd5d04ba,cc_by_4_0_api_2026_08,high,2026-08-23 22:07:26.766016+00,
a8af2486-681b-4a78-8ae5-d41d35f644c6,1db69aa7-01d5-411c-80e0-0dc16e288624,"""A(PD)""",ca_san_jose.zoning_districts:sha256:eae7823a22e72537d5738d473c6c8289e0e2af78e76be782ea5e432fdd5d04ba,cc_by_4_0_api_2026_08,high,2026-08-23 22:07:26.766016+00,
a8bd6c11-71a0-4b87-b3e6-bbe0d1b38047,2e6a8cf8-bf48-47a5-bc2b-332e1ff0f4e9,"""A(PD)""",ca_san_jose.zoning_districts:sha256:eae7823a22e72537d5738d473c6c8289e0e2af78e76be782ea5e432fdd5d04ba,cc_by_4_0_api_2026_08,high,2026-08-23 22:07:26.766016+00,
a906ec58-3655-4e01-8056-d4d6fc0047d3,f72f4d62-fdec-4b99-81a3-e431f506f4cf,"""A(PD)""",ca_san_jose.zoning_districts:sha256:eae7823a22e72537d5738d473c6c8289e0e2af78e76be782ea5e432fdd5d04ba,cc_by_4_0_api_2026_08,high,2026-08-23 22:07:26.766016+00,
a9c9c93d-2f58-4c19-8ee2-01c47a891a93,349c9680-d5a6-42de-92d3-8d1ac5ae3b52,"""CP""",ca_san_jose.zoning_districts:sha256:eae7823a22e72537d5738d473c6c8289e0e2af78e76be782ea5e432fdd5d04ba,cc_by_4_0_api_2026_08,high,2026-08-23 22:07:26.766016+00,
a9e0c29a-a11b-43b3-ba89-f6d54cd52c86,8a77e9e8-d4ad-4299-b5be-91f34b369239,"""A(PD)""",ca_san_jose.zoning_districts:sha256:eae7823a22e72537d5738d473c6c8289e0e2af78e76be782ea5e432fdd5d04ba,cc_by_4_0_api_2026_08,high,2026-08-23 22:07:26.766016+00,
a9eceb06-ca93-46eb-9b22-016403e12ce9,1211ad0d-d4b3-475e-827c-da92412972d7,"""OS""",ca_san_jose.zoning_districts:sha256:eae7823a22e72537d5738d473c6c8289e0e2af78e76be782ea5e432fdd5d04ba,cc_by_4_0_api_2026_08,high,2026-08-23 22:07:26.766016+00,
a9f03936-b41e-4063-b635-dc0427778b3d,6c44a5e5-0d10-4029-8901-6862c4b1c44f,"""IP(PD)""",ca_san_jose.zoning_districts:sha256:eae7823a22e72537d5738d473c6c8289e0e2af78e76be782ea5e432fdd5d04ba,cc_by_4_0_api_2026_08,high,2026-08-23 22:07:26.766016+00,
aa273d26-9517-450c-8ee0-5ae0d02c63ab,8109929f-21e7-4b17-ac27-736b59711ca7,"""A(PD)""",ca_san_jose.zoning_districts:sha256:eae7823a22e72537d5738d473c6c8289e0e2af78e76be782ea5e432fdd5d04ba,cc_by_4_0_api_2026_08,high,2026-08-23 22:07:26.766016+00,
aa8d2322-d7c3-411d-831e-9af6935da5dd,13ef86ab-e87c-43b1-ab3f-ad4d7604bd56,"""A(PD)""",ca_san_jose.zoning_districts:sha256:eae7823a22e72537d5738d473c6c8289e0e2af78e76be782ea5e432fdd5d04ba,cc_by_4_0_api_2026_08,high,2026-08-23 22:07:26.766016+00,
ab09cd34-61b6-43a8-af91-195a8f9c712e,aaca1710-f2c3-401c-8b64-040621a48bde,"""A(PD)""",ca_san_jose.zoning_districts:sha256:eae7823a22e72537d5738d473c6c8289e0e2af78e76be782ea5e432fdd5d04ba,cc_by_4_0_api_2026_08,high,2026-08-23 22:07:26.766016+00,
ab5192cf-1fb4-49e8-947f-a8ed929a5485,fbdbb1bf-131c-40c6-9714-34acf67c18da,"""IP""",ca_san_jose.zoning_districts:sha256:eae7823a22e72537d5738d473c6c8289e0e2af78e76be782ea5e432fdd5d04ba,cc_by_4_0_api_2026_08,high,2026-08-23 22:07:26.766016+00,
ab57a91f-7236-4ece-8934-880844c69aee,ce9bd429-7c0a-4038-8e0b-53a410ff8462,"""LI""",ca_san_jose.zoning_districts:sha256:eae7823a22e72537d5738d473c6c8289e0e2af78e76be782ea5e432fdd5d04ba,cc_by_4_0_api_2026_08,high,2026-08-23 22:07:26.766016+00,
ab6cbfbc-1de5-448e-a4da-dec2abf2f708,93b29b2f-863d-4d4a-a606-d7fefa48a1e9,"""A(PD)""",ca_san_jose.zoning_districts:sha256:eae7823a22e72537d5738d473c6c8289e0e2af78e76be782ea5e432fdd5d04ba,cc_by_4_0_api_2026_08,high,2026-08-23 22:07:26.766016+00,
aba100e1-f5f6-4f9a-b8da-adff4e94d14a,407a8aac-1204-4ecf-a905-b0404f0d1095,"""DC""",ca_san_jose.zoning_districts:sha256:eae7823a22e72537d5738d473c6c8289e0e2af78e76be782ea5e432fdd5d04ba,cc_by_4_0_api_2026_08,high,2026-08-23 22:07:26.766016+00,
ace7645b-0089-4c1c-974b-403c53196d9c,58de1b9b-df64-4ec4-b67e-d6a9ceed685a,"""A(PD)""",ca_san_jose.zoning_districts:sha256:eae7823a22e72537d5738d473c6c8289e0e2af78e76be782ea5e432fdd5d04ba,cc_by_4_0_api_2026_08,high,2026-08-23 22:07:26.766016+00,
ad63edc0-4d73-47e5-a1a6-3364d77861b6,73891a5a-beab-4606-8077-1abe47070174,"""MUN""",ca_san_jose.zoning_districts:sha256:eae7823a22e72537d5738d473c6c8289e0e2af78e76be782ea5e432fdd5d04ba,cc_by_4_0_api_2026_08,high,2026-08-23 22:07:26.766016+00,
ad97117f-0598-4963-a84a-873f6777a3f5,23bdbaee-5ceb-4d86-a529-0c33d659f04d,"""A(PD)""",ca_san_jose.zoning_districts:sha256:eae7823a22e72537d5738d473c6c8289e0e2af78e76be782ea5e432fdd5d04ba,cc_by_4_0_api_2026_08,high,2026-08-23 22:07:26.766016+00,
adbcdb41-a595-408f-abe7-9d5d46a05be7,9b2a6210-1bd9-4c09-b01e-79669984ffb5,"""A(PD)""",ca_san_jose.zoning_districts:sha256:eae7823a22e72537d5738d473c6c8289e0e2af78e76be782ea5e432fdd5d04ba,cc_by_4_0_api_2026_08,high,2026-08-23 22:07:26.766016+00,
add2eaa3-1eb7-4dad-a6ca-183668a77afb,20cc7c69-fbea-4734-aa2a-73044511fc51,"""A(PD)""",ca_san_jose.zoning_districts:sha256:eae7823a22e72537d5738d473c6c8289e0e2af78e76be782ea5e432fdd5d04ba,cc_by_4_0_api_2026_08,high,2026-08-23 22:07:26.766016+00,
adf32ea3-e7e9-45d5-a7ae-4d2c21411251,4a05d1ca-fc16-41d0-b586-10ea3519a943,"""A(PD)""",ca_san_jose.zoning_districts:sha256:eae7823a22e72537d5738d473c6c8289e0e2af78e76be782ea5e432fdd5d04ba,cc_by_4_0_api_2026_08,high,2026-08-23 22:07:26.766016+00,
adfb611b-7e85-48bc-ab8f-018ea4aee4cc,7aef0aa8-1fcf-4ae1-a018-ad075f77aabf,"""A(PD)""",ca_san_jose.zoning_districts:sha256:eae7823a22e72537d5738d473c6c8289e0e2af78e76be782ea5e432fdd5d04ba,cc_by_4_0_api_2026_08,high,2026-08-23 22:07:26.766016+00,
ae3a5fc5-e0fb-41d4-9a6e-a001e8c0a78c,24df6fad-c046-4ec2-9542-650c3bac0e20,"""A(PD)""",ca_san_jose.zoning_districts:sha256:eae7823a22e72537d5738d473c6c8289e0e2af78e76be782ea5e432fdd5d04ba,cc_by_4_0_api_2026_08,high,2026-08-23 22:07:26.766016+00,
ae4fc7ff-a85b-4dba-8fb4-504b74a3e844,e8e2124d-8726-41dd-bf4b-611c2291a1e1,"""A(PD)""",ca_san_jose.zoning_districts:sha256:eae7823a22e72537d5738d473c6c8289e0e2af78e76be782ea5e432fdd5d04ba,cc_by_4_0_api_2026_08,high,2026-08-23 22:07:26.766016+00,
ae7dd3a8-bcc2-4df6-bc4e-dc86fa25b7fb,f45ad231-493e-4593-a141-90ec9883a518,"""A(PD)""",ca_san_jose.zoning_districts:sha256:eae7823a22e72537d5738d473c6c8289e0e2af78e76be782ea5e432fdd5d04ba,cc_by_4_0_api_2026_08,high,2026-08-23 22:07:26.766016+00,
ae83db9b-03c9-4a21-aadf-2cbd8ce2c62c,88b447d0-6073-4b2f-a1fd-1ad0024a4a82,"""A(PD)""",ca_san_jose.zoning_districts:sha256:eae7823a22e72537d5738d473c6c8289e0e2af78e76be782ea5e432fdd5d04ba,cc_by_4_0_api_2026_08,high,2026-08-23 22:07:26.766016+00,
aecaf97d-bb9e-414c-be95-6b85b9b975e0,8a557ab8-4995-4872-92cf-c34dd27743d5,"""A(PD)""",ca_san_jose.zoning_districts:sha256:eae7823a22e72537d5738d473c6c8289e0e2af78e76be782ea5e432fdd5d04ba,cc_by_4_0_api_2026_08,high,2026-08-23 22:07:26.766016+00,
aedcc093-acf2-42e3-816e-9cd20afc56d4,f75f13ed-c1d0-4f08-a0e6-facd8171e46c,"""A(PD)""",ca_san_jose.zoning_districts:sha256:eae7823a22e72537d5738d473c6c8289e0e2af78e76be782ea5e432fdd5d04ba,cc_by_4_0_api_2026_08,high,2026-08-23 22:07:26.766016+00,
af5418b7-b2bc-4009-bd10-8c479bb5bf5c,e908d419-0b07-4243-9bd2-f7a0d47bfbe9,"""R-1-8(PD)""",ca_san_jose.zoning_districts:sha256:eae7823a22e72537d5738d473c6c8289e0e2af78e76be782ea5e432fdd5d04ba,cc_by_4_0_api_2026_08,high,2026-08-23 22:07:26.766016+00,
af5431bb-c0dd-4f60-a649-df6c6c401c84,7f256533-1507-4d8a-ab78-32eaf71db850,"""A(PD)""",ca_san_jose.zoning_districts:sha256:eae7823a22e72537d5738d473c6c8289e0e2af78e76be782ea5e432fdd5d04ba,cc_by_4_0_api_2026_08,high,2026-08-23 22:07:26.766016+00,
af59455d-5479-4dcc-9245-099f38432fc4,23dad635-5f86-4278-a5d2-ac845a50312c,"""UR""",ca_san_jose.zoning_districts:sha256:eae7823a22e72537d5738d473c6c8289e0e2af78e76be782ea5e432fdd5d04ba,cc_by_4_0_api_2026_08,high,2026-08-23 22:07:26.766016+00,
af747dcb-70e9-4625-9200-0803d5b6de1b,cc311978-fbf4-422d-81c2-20117546a2a4,"""A(PD)""",ca_san_jose.zoning_districts:sha256:eae7823a22e72537d5738d473c6c8289e0e2af78e76be782ea5e432fdd5d04ba,cc_by_4_0_api_2026_08,high,2026-08-23 22:07:26.766016+00,
af7dcd9d-acc7-4fda-b3f9-7efdb96911bb,67db067f-2786-47fb-95b6-c097c775ff20,"""IP(PD)""",ca_san_jose.zoning_districts:sha256:eae7823a22e72537d5738d473c6c8289e0e2af78e76be782ea5e432fdd5d04ba,cc_by_4_0_api_2026_08,high,2026-08-23 22:07:26.766016+00,
af953299-ba86-4927-822e-25ef2e884bce,7a9750e8-69e1-4520-bdb6-40c6d89d359f,"""A(PD)""",ca_san_jose.zoning_districts:sha256:eae7823a22e72537d5738d473c6c8289e0e2af78e76be782ea5e432fdd5d04ba,cc_by_4_0_api_2026_08,high,2026-08-23 22:07:26.766016+00,
afb10f5e-7dcc-4d91-b5a7-92a8a930a46c,7f0d02d9-54ce-437f-84e1-338b45b3bd39,"""A(PD)""",ca_san_jose.zoning_districts:sha256:eae7823a22e72537d5738d473c6c8289e0e2af78e76be782ea5e432fdd5d04ba,cc_by_4_0_api_2026_08,high,2026-08-23 22:07:26.766016+00,
afb7d0e9-dc9d-4082-bf57-cac079af07c4,d6579cd2-e091-40a9-b8ec-bd0168c9b6ba,"""PQP""",ca_san_jose.zoning_districts:sha256:eae7823a22e72537d5738d473c6c8289e0e2af78e76be782ea5e432fdd5d04ba,cc_by_4_0_api_2026_08,high,2026-08-23 22:07:26.766016+00,
b00edde4-ca2b-4368-820e-3e1e19168837,a0bd285c-f24e-4a75-84df-32b43878221c,"""A(PD)""",ca_san_jose.zoning_districts:sha256:eae7823a22e72537d5738d473c6c8289e0e2af78e76be782ea5e432fdd5d04ba,cc_by_4_0_api_2026_08,high,2026-08-23 22:07:26.766016+00,
b039c9d1-2f24-4f90-bd06-dae73bfe16f0,3b2bfa76-c802-456c-9e54-2ac660a2afdd,"""A(PD)""",ca_san_jose.zoning_districts:sha256:eae7823a22e72537d5738d473c6c8289e0e2af78e76be782ea5e432fdd5d04ba,cc_by_4_0_api_2026_08,high,2026-08-23 22:07:26.766016+00,
b0711cd5-4ede-4cbd-9311-15d7c6e1afbe,9b7dad68-349c-4247-bd9a-7f7abf184c11,"""A(PD)""",ca_san_jose.zoning_districts:sha256:eae7823a22e72537d5738d473c6c8289e0e2af78e76be782ea5e432fdd5d04ba,cc_by_4_0_api_2026_08,high,2026-08-23 22:07:26.766016+00,
b0b45de5-d006-4973-95b7-5caaee883379,185575df-980f-408f-86b0-6c82f8d7229f,"""A(PD)""",ca_san_jose.zoning_districts:sha256:eae7823a22e72537d5738d473c6c8289e0e2af78e76be782ea5e432fdd5d04ba,cc_by_4_0_api_2026_08,high,2026-08-23 22:07:26.766016+00,
b104f8bb-c0c1-4d41-be8d-fdaf4949b564,392fcc5a-2a3f-4559-b90b-fb81d007fefe,"""R-M(CL)""",ca_san_jose.zoning_districts:sha256:eae7823a22e72537d5738d473c6c8289e0e2af78e76be782ea5e432fdd5d04ba,cc_by_4_0_api_2026_08,high,2026-08-23 22:07:26.766016+00,
b1236b83-714d-4009-8e1a-d1c272ec83f9,e4c52828-f8ed-45bc-bc78-41a53aba66a3,"""A""",ca_san_jose.zoning_districts:sha256:eae7823a22e72537d5738d473c6c8289e0e2af78e76be782ea5e432fdd5d04ba,cc_by_4_0_api_2026_08,high,2026-08-23 22:07:26.766016+00,
b1541385-413f-4c16-ac5e-4272c42c0fc6,cb572c97-c499-4983-9f09-b1630abe4fc0,"""A(PD)""",ca_san_jose.zoning_districts:sha256:eae7823a22e72537d5738d473c6c8289e0e2af78e76be782ea5e432fdd5d04ba,cc_by_4_0_api_2026_08,high,2026-08-23 22:07:26.766016+00,
b154e617-1485-4822-b27f-41d30e3c23e1,aa04251d-ee90-497e-9790-27010aa1c127,"""A(PD)""",ca_san_jose.zoning_districts:sha256:eae7823a22e72537d5738d473c6c8289e0e2af78e76be782ea5e432fdd5d04ba,cc_by_4_0_api_2026_08,high,2026-08-23 22:07:26.766016+00,
b1e9ade2-1e78-4f6c-8034-42f96246bfd8,1f0a1610-a44a-47d0-b31f-fb2865b7e802,"""A(PD)""",ca_san_jose.zoning_districts:sha256:eae7823a22e72537d5738d473c6c8289e0e2af78e76be782ea5e432fdd5d04ba,cc_by_4_0_api_2026_08,high,2026-08-23 22:07:26.766016+00,
b24a0295-5983-4544-9b76-25ad0317ceec,3a2690a8-c661-401f-ab20-0fc2d1075ed6,"""A(PD)""",ca_san_jose.zoning_districts:sha256:eae7823a22e72537d5738d473c6c8289e0e2af78e76be782ea5e432fdd5d04ba,cc_by_4_0_api_2026_08,high,2026-08-23 22:07:26.766016+00,
b2925eec-76ca-4738-b03f-1f6dc62f9ffc,3e360ed8-8177-4b98-afd0-58935cf0e240,"""A(PD)""",ca_san_jose.zoning_districts:sha256:eae7823a22e72537d5738d473c6c8289e0e2af78e76be782ea5e432fdd5d04ba,cc_by_4_0_api_2026_08,high,2026-08-23 22:07:26.766016+00,
b2c5cd4d-fcf7-476e-a504-0fd2d6825d8b,ad676dd0-4a88-4190-9f52-78d86a707e81,"""R-1-8(PD)""",ca_san_jose.zoning_districts:sha256:eae7823a22e72537d5738d473c6c8289e0e2af78e76be782ea5e432fdd5d04ba,cc_by_4_0_api_2026_08,high,2026-08-23 22:07:26.766016+00,
b30389e8-c2d6-419d-bcce-bf866dc4bfde,ddecb4d3-cd1e-4c2c-bb1b-177a897a1fd3,"""A(PD)""",ca_san_jose.zoning_districts:sha256:eae7823a22e72537d5738d473c6c8289e0e2af78e76be782ea5e432fdd5d04ba,cc_by_4_0_api_2026_08,high,2026-08-23 22:07:26.766016+00,
b32ef37c-18f1-402b-8031-a0d4778bbe92,4f28b2cc-c814-4d57-8f5e-8deb52aeb54b,"""R-1-8(PD)""",ca_san_jose.zoning_districts:sha256:eae7823a22e72537d5738d473c6c8289e0e2af78e76be782ea5e432fdd5d04ba,cc_by_4_0_api_2026_08,high,2026-08-23 22:07:26.766016+00,
b342c932-8c95-4e81-b45b-87143e9f0ed2,dd2f55d4-672a-4b11-96b4-dfa5e9006f7e,"""A(PD)""",ca_san_jose.zoning_districts:sha256:eae7823a22e72537d5738d473c6c8289e0e2af78e76be782ea5e432fdd5d04ba,cc_by_4_0_api_2026_08,high,2026-08-23 22:07:26.766016+00,
b358e9ff-7129-4906-b415-18a1ebb36c84,3290c8fa-579c-4702-8bcc-f5ea7b290e44,"""A(PD)""",ca_san_jose.zoning_districts:sha256:eae7823a22e72537d5738d473c6c8289e0e2af78e76be782ea5e432fdd5d04ba,cc_by_4_0_api_2026_08,high,2026-08-23 22:07:26.766016+00,
b3ab3625-46c2-461b-9055-8f3d956b8e43,b6704625-5072-468f-9f37-40b9cd9f006a,"""A(PD)""",ca_san_jose.zoning_districts:sha256:eae7823a22e72537d5738d473c6c8289e0e2af78e76be782ea5e432fdd5d04ba,cc_by_4_0_api_2026_08,high,2026-08-23 22:07:26.766016+00,
b3c83584-9909-4b2e-93d8-feb8a1f3cc28,3cae8e97-893a-4b77-877f-0b0457386dd5,"""A(PD)""",ca_san_jose.zoning_districts:sha256:eae7823a22e72537d5738d473c6c8289e0e2af78e76be782ea5e432fdd5d04ba,cc_by_4_0_api_2026_08,high,2026-08-23 22:07:26.766016+00,
b3fb9bdb-d7f4-4dbe-bad1-d22f108b628a,474bf74b-6b28-4834-b064-ccc0fa2da698,"""A(PD)""",ca_san_jose.zoning_districts:sha256:eae7823a22e72537d5738d473c6c8289e0e2af78e76be782ea5e432fdd5d04ba,cc_by_4_0_api_2026_08,high,2026-08-23 22:07:26.766016+00,
b3fc5aeb-ec6c-4141-a2d4-981f9f118c2b,3f4fff71-e28e-4710-ab67-e3444333c061,"""HI""",ca_san_jose.zoning_districts:sha256:eae7823a22e72537d5738d473c6c8289e0e2af78e76be782ea5e432fdd5d04ba,cc_by_4_0_api_2026_08,high,2026-08-23 22:07:26.766016+00,
b419a8ed-4d66-45bd-a9a9-9098ded21910,91da5651-5d10-40e6-9b04-37ac81ca11e0,"""R-1-8(PD)""",ca_san_jose.zoning_districts:sha256:eae7823a22e72537d5738d473c6c8289e0e2af78e76be782ea5e432fdd5d04ba,cc_by_4_0_api_2026_08,high,2026-08-23 22:07:26.766016+00,
b437b763-d7ac-47c8-ab83-b4c40efa64c0,a4620aa3-2884-45eb-85b5-9b6e9ab40f6a,"""A(PD)""",ca_san_jose.zoning_districts:sha256:eae7823a22e72537d5738d473c6c8289e0e2af78e76be782ea5e432fdd5d04ba,cc_by_4_0_api_2026_08,high,2026-08-23 22:07:26.766016+00,
b4bf6d16-f526-400c-8b64-62d9c1c2618e,3ffcb958-fd63-456c-bd4d-bf6eaebb5673,"""TR""",ca_san_jose.zoning_districts:sha256:eae7823a22e72537d5738d473c6c8289e0e2af78e76be782ea5e432fdd5d04ba,cc_by_4_0_api_2026_08,high,2026-08-23 22:07:26.766016+00,
b4f51b43-367d-420f-97b8-e2c951332462,fc776ac3-930f-4f99-aa14-5eb06fbd3907,"""A(PD)""",ca_san_jose.zoning_districts:sha256:eae7823a22e72537d5738d473c6c8289e0e2af78e76be782ea5e432fdd5d04ba,cc_by_4_0_api_2026_08,high,2026-08-23 22:07:26.766016+00,
b500dc6d-0763-4a7b-95d0-adae22580df5,5a32b237-a426-45bb-b44f-86ac7f25dba1,"""A(PD)""",ca_san_jose.zoning_districts:sha256:eae7823a22e72537d5738d473c6c8289e0e2af78e76be782ea5e432fdd5d04ba,cc_by_4_0_api_2026_08,high,2026-08-23 22:07:26.766016+00,
b57a0cf9-2a42-4ed3-967a-486d4451f6e5,c471aeca-3fa5-4ab9-9aec-44eb17efeea0,"""A(PD)""",ca_san_jose.zoning_districts:sha256:eae7823a22e72537d5738d473c6c8289e0e2af78e76be782ea5e432fdd5d04ba,cc_by_4_0_api_2026_08,high,2026-08-23 22:07:26.766016+00,
b60f9418-8adb-45f2-a782-788ed1639e63,6c70b77a-3a86-4763-9711-f22976193e96,"""A(PD)""",ca_san_jose.zoning_districts:sha256:eae7823a22e72537d5738d473c6c8289e0e2af78e76be782ea5e432fdd5d04ba,cc_by_4_0_api_2026_08,high,2026-08-23 22:07:26.766016+00,
b65caab5-b70e-4ed4-87e2-fd2b24ac21b8,9f1c8a28-ad06-4b4e-9ec6-b1b0eec7be74,"""A(PD)""",ca_san_jose.zoning_districts:sha256:eae7823a22e72537d5738d473c6c8289e0e2af78e76be782ea5e432fdd5d04ba,cc_by_4_0_api_2026_08,high,2026-08-23 22:07:26.766016+00,
b680e734-031a-44f9-8d05-716a084735e3,8d991a2b-4237-48d2-93cc-53b0c28079fe,"""CP""",ca_san_jose.zoning_districts:sha256:eae7823a22e72537d5738d473c6c8289e0e2af78e76be782ea5e432fdd5d04ba,cc_by_4_0_api_2026_08,high,2026-08-23 22:07:26.766016+00,
b692b4de-ba55-4224-96cc-e307f188cc70,e4b1841d-105c-415c-80f1-78364f2f7015,"""A(PD)""",ca_san_jose.zoning_districts:sha256:eae7823a22e72537d5738d473c6c8289e0e2af78e76be782ea5e432fdd5d04ba,cc_by_4_0_api_2026_08,high,2026-08-23 22:07:26.766016+00,
b6b15487-e632-4f20-8b24-0a3bc822ed90,b4f2a86c-6d82-4df5-9eb6-c337f7829657,"""A(PD)""",ca_san_jose.zoning_districts:sha256:eae7823a22e72537d5738d473c6c8289e0e2af78e76be782ea5e432fdd5d04ba,cc_by_4_0_api_2026_08,high,2026-08-23 22:07:26.766016+00,
b78d5314-a596-44f5-8141-bed56e891ca7,54c86c4b-4130-4f32-a32a-bf4718c892b7,"""A(PD)""",ca_san_jose.zoning_districts:sha256:eae7823a22e72537d5738d473c6c8289e0e2af78e76be782ea5e432fdd5d04ba,cc_by_4_0_api_2026_08,high,2026-08-23 22:07:26.766016+00,
b827174d-fd6d-43f7-ba8a-515c6c57fb27,3b89caa9-1e32-48fb-b42d-478311343545,"""A(PD)""",ca_san_jose.zoning_districts:sha256:eae7823a22e72537d5738d473c6c8289e0e2af78e76be782ea5e432fdd5d04ba,cc_by_4_0_api_2026_08,high,2026-08-23 22:07:26.766016+00,
b89719da-3a86-4900-b700-cdf9d5d7b257,b975a634-68b1-43a2-adb8-8919a3272650,"""A(PD)""",ca_san_jose.zoning_districts:sha256:eae7823a22e72537d5738d473c6c8289e0e2af78e76be782ea5e432fdd5d04ba,cc_by_4_0_api_2026_08,high,2026-08-23 22:07:26.766016+00,
b8a597ac-3a1b-422d-8ee6-1724c8052401,ac8be4bb-3bd1-4d65-84da-663e227badbf,"""A""",ca_san_jose.zoning_districts:sha256:eae7823a22e72537d5738d473c6c8289e0e2af78e76be782ea5e432fdd5d04ba,cc_by_4_0_api_2026_08,high,2026-08-23 22:07:26.766016+00,
b900388a-7037-4f9a-afcf-a8ca43fb8524,39d93373-68d6-4e62-91e5-b9d26e44592a,"""A(PD)""",ca_san_jose.zoning_districts:sha256:eae7823a22e72537d5738d473c6c8289e0e2af78e76be782ea5e432fdd5d04ba,cc_by_4_0_api_2026_08,high,2026-08-23 22:07:26.766016+00,
b91aaae3-b629-4b55-889c-b956f7ef6410,2d23a657-2f88-4538-86ae-e420eda1bb7a,"""A(PD)""",ca_san_jose.zoning_districts:sha256:eae7823a22e72537d5738d473c6c8289e0e2af78e76be782ea5e432fdd5d04ba,cc_by_4_0_api_2026_08,high,2026-08-23 22:07:26.766016+00,
b96a90c5-80c9-4af6-a8b6-431310969bdb,d4d462d0-8c07-44ac-8e71-7ffbf16987c4,"""R-M(PD)""",ca_san_jose.zoning_districts:sha256:eae7823a22e72537d5738d473c6c8289e0e2af78e76be782ea5e432fdd5d04ba,cc_by_4_0_api_2026_08,high,2026-08-23 22:07:26.766016+00,
b9a2940a-ad75-4707-9187-33d35d205081,84cbb72a-454b-4d0c-90ec-2f7e421e03d2,"""A(PD)""",ca_san_jose.zoning_districts:sha256:eae7823a22e72537d5738d473c6c8289e0e2af78e76be782ea5e432fdd5d04ba,cc_by_4_0_api_2026_08,high,2026-08-23 22:07:26.766016+00,
b9cfcb05-376b-4ee7-8e94-cb6e8675589e,fe647bff-b107-4196-8c6c-262d432e8457,"""CP""",ca_san_jose.zoning_districts:sha256:eae7823a22e72537d5738d473c6c8289e0e2af78e76be782ea5e432fdd5d04ba,cc_by_4_0_api_2026_08,high,2026-08-23 22:07:26.766016+00,
b9d7613a-86e1-4478-9a76-ae970cbd412c,ac3b23fd-7a4a-460a-bef4-6dbd4f451d30,"""IP(PD)""",ca_san_jose.zoning_districts:sha256:eae7823a22e72537d5738d473c6c8289e0e2af78e76be782ea5e432fdd5d04ba,cc_by_4_0_api_2026_08,high,2026-08-23 22:07:26.766016+00,
ba4a6edf-681b-4211-ba3f-2781423a48a2,1ce74b09-15eb-4959-8b79-c1067f4a2a97,"""A(PD)""",ca_san_jose.zoning_districts:sha256:eae7823a22e72537d5738d473c6c8289e0e2af78e76be782ea5e432fdd5d04ba,cc_by_4_0_api_2026_08,high,2026-08-23 22:07:26.766016+00,
baa861a5-7c59-4810-ab76-127030c392d4,ec86d552-fb7d-44cd-8986-f98af3df44f4,"""DC""",ca_san_jose.zoning_districts:sha256:eae7823a22e72537d5738d473c6c8289e0e2af78e76be782ea5e432fdd5d04ba,cc_by_4_0_api_2026_08,high,2026-08-23 22:07:26.766016+00,
babe5c12-482a-440d-a301-a17cd0cc3434,631f60e4-bb67-41df-9805-4b30e3cec2ee,"""OS""",ca_san_jose.zoning_districts:sha256:eae7823a22e72537d5738d473c6c8289e0e2af78e76be782ea5e432fdd5d04ba,cc_by_4_0_api_2026_08,high,2026-08-23 22:07:26.766016+00,
bad31bfb-c2e8-41e0-931a-11e80dfbfb7d,af37a353-f1c7-4a9a-98a9-3b7ab30ea455,"""IP(PD)""",ca_san_jose.zoning_districts:sha256:eae7823a22e72537d5738d473c6c8289e0e2af78e76be782ea5e432fdd5d04ba,cc_by_4_0_api_2026_08,high,2026-08-23 22:07:26.766016+00,
bb07fb2a-1055-40c0-bace-c9b020c7a935,d4c21603-abdc-483b-b380-53d079baf583,"""TR""",ca_san_jose.zoning_districts:sha256:eae7823a22e72537d5738d473c6c8289e0e2af78e76be782ea5e432fdd5d04ba,cc_by_4_0_api_2026_08,high,2026-08-23 22:07:26.766016+00,
bb22d799-ab31-49b8-992f-baf221db5360,f217f347-14ce-4107-93d5-b3bb87e4003c,"""R-1-8""",ca_san_jose.zoning_districts:sha256:eae7823a22e72537d5738d473c6c8289e0e2af78e76be782ea5e432fdd5d04ba,cc_by_4_0_api_2026_08,high,2026-08-23 22:07:26.766016+00,
bb22fed8-706b-408d-8c1c-156d9882eeff,aae6b9dc-d53d-47f9-aa0e-1445d8e65064,"""A(PD)""",ca_san_jose.zoning_districts:sha256:eae7823a22e72537d5738d473c6c8289e0e2af78e76be782ea5e432fdd5d04ba,cc_by_4_0_api_2026_08,high,2026-08-23 22:07:26.766016+00,
bb508268-27b2-4f49-8d63-bd6e77217e44,39116352-b0b0-48c6-914a-cfbdc1a1e3aa,"""A(PD)""",ca_san_jose.zoning_districts:sha256:eae7823a22e72537d5738d473c6c8289e0e2af78e76be782ea5e432fdd5d04ba,cc_by_4_0_api_2026_08,high,2026-08-23 22:07:26.766016+00,
bbd27d43-9e00-402a-a54c-4230bd5dc382,805df91c-3500-4aa9-a4f1-1f68600b6b5a,"""DC""",ca_san_jose.zoning_districts:sha256:eae7823a22e72537d5738d473c6c8289e0e2af78e76be782ea5e432fdd5d04ba,cc_by_4_0_api_2026_08,high,2026-08-23 22:07:26.766016+00,
bbd7acb4-2f04-4e68-9e2f-3d9a3232fdb2,4a8a5baf-4fdb-42d6-bd10-f92badcd6dcb,"""R-1-8""",ca_san_jose.zoning_districts:sha256:eae7823a22e72537d5738d473c6c8289e0e2af78e76be782ea5e432fdd5d04ba,cc_by_4_0_api_2026_08,high,2026-08-23 22:07:26.766016+00,
bc5c4a6b-1750-4f44-b29b-dd87250255f9,9bf9d04c-a87b-4df0-a8fa-f716aff26e69,"""A(PD)""",ca_san_jose.zoning_districts:sha256:eae7823a22e72537d5738d473c6c8289e0e2af78e76be782ea5e432fdd5d04ba,cc_by_4_0_api_2026_08,high,2026-08-23 22:07:26.766016+00,
bc6aeb18-8dc9-4cea-b82f-59ecdbef4893,188364fa-df00-4f82-ae37-3c1d25e5f819,"""A""",ca_san_jose.zoning_districts:sha256:eae7823a22e72537d5738d473c6c8289e0e2af78e76be782ea5e432fdd5d04ba,cc_by_4_0_api_2026_08,high,2026-08-23 22:07:26.766016+00,
bc97858e-bc51-4429-b057-17097337b534,bde6f70d-dd2a-41d0-9823-cd9c93cbd661,"""A(PD)""",ca_san_jose.zoning_districts:sha256:eae7823a22e72537d5738d473c6c8289e0e2af78e76be782ea5e432fdd5d04ba,cc_by_4_0_api_2026_08,high,2026-08-23 22:07:26.766016+00,
bc9a2f7a-2214-4370-8b6f-ce621737c0d0,79db05a0-0931-43d5-bdce-5cb65a9da079,"""R-1-5(PD)""",ca_san_jose.zoning_districts:sha256:eae7823a22e72537d5738d473c6c8289e0e2af78e76be782ea5e432fdd5d04ba,cc_by_4_0_api_2026_08,high,2026-08-23 22:07:26.766016+00,
bd4fc771-45b4-40d9-b8d3-2e05d043c990,f2e61a1b-a7c2-4fb4-8bdf-34b865251d4f,"""A(PD)""",ca_san_jose.zoning_districts:sha256:eae7823a22e72537d5738d473c6c8289e0e2af78e76be782ea5e432fdd5d04ba,cc_by_4_0_api_2026_08,high,2026-08-23 22:07:26.766016+00,
bd764c3c-60c6-4da1-b2c9-961a2307e526,30a0e9f2-eb31-4aac-af29-e51ccc60a296,"""A(PD)""",ca_san_jose.zoning_districts:sha256:eae7823a22e72537d5738d473c6c8289e0e2af78e76be782ea5e432fdd5d04ba,cc_by_4_0_api_2026_08,high,2026-08-23 22:07:26.766016+00,
bd952bda-9669-4efa-9a0c-7c88ddea7da8,934796f1-c32c-4145-8f0c-be4de46a372d,"""A(PD)""",ca_san_jose.zoning_districts:sha256:eae7823a22e72537d5738d473c6c8289e0e2af78e76be782ea5e432fdd5d04ba,cc_by_4_0_api_2026_08,high,2026-08-23 22:07:26.766016+00,
bde1e5a7-5c31-4f2a-a30d-d8b0c0b2686a,17d8365b-47aa-4eb4-aa71-494ee0f902af,"""A(PD)""",ca_san_jose.zoning_districts:sha256:eae7823a22e72537d5738d473c6c8289e0e2af78e76be782ea5e432fdd5d04ba,cc_by_4_0_api_2026_08,high,2026-08-23 22:07:26.766016+00,
bdffcf0d-6b7d-408b-8ee9-fa6d6d7b42d4,86a4c2b7-9f7b-4781-9972-aad1bd251d6a,"""R-1-8(PD)""",ca_san_jose.zoning_districts:sha256:eae7823a22e72537d5738d473c6c8289e0e2af78e76be782ea5e432fdd5d04ba,cc_by_4_0_api_2026_08,high,2026-08-23 22:07:26.766016+00,
be26fbb1-35e8-4d3d-a81c-05bb051cc135,b4fc10b2-1f56-4785-8e83-1c225a764fcb,"""R-M(PD)""",ca_san_jose.zoning_districts:sha256:eae7823a22e72537d5738d473c6c8289e0e2af78e76be782ea5e432fdd5d04ba,cc_by_4_0_api_2026_08,high,2026-08-23 22:07:26.766016+00,
be78a37e-2abe-4bf3-9293-b18385243c31,becbfe9e-6fcb-4b6a-8920-c44ea6cd740e,"""A(PD)""",ca_san_jose.zoning_districts:sha256:eae7823a22e72537d5738d473c6c8289e0e2af78e76be782ea5e432fdd5d04ba,cc_by_4_0_api_2026_08,high,2026-08-23 22:07:26.766016+00,
bf34fa28-1940-4f0a-8ee3-d236a32b084d,356f485c-4f54-4b33-b645-8a0dcaf09405,"""R-2""",ca_san_jose.zoning_districts:sha256:eae7823a22e72537d5738d473c6c8289e0e2af78e76be782ea5e432fdd5d04ba,cc_by_4_0_api_2026_08,high,2026-08-23 22:07:26.766016+00,
bf88413c-43a8-4930-8437-c4ea12860d50,526a7792-1ee7-4694-bcd7-b56e977a87c9,"""IP(PD)""",ca_san_jose.zoning_districts:sha256:eae7823a22e72537d5738d473c6c8289e0e2af78e76be782ea5e432fdd5d04ba,cc_by_4_0_api_2026_08,high,2026-08-23 22:07:26.766016+00,
c0049a32-1510-440b-9b96-487e136a3895,cfddbee0-5c4f-4f6a-ad53-8945d5aca122,"""A(PD)""",ca_san_jose.zoning_districts:sha256:eae7823a22e72537d5738d473c6c8289e0e2af78e76be782ea5e432fdd5d04ba,cc_by_4_0_api_2026_08,high,2026-08-23 22:07:26.766016+00,
c019661f-878f-42a1-97f9-a989b8b5ebe7,64643ff4-d135-476d-ac3c-58b9c47fc34a,"""A(PD)""",ca_san_jose.zoning_districts:sha256:eae7823a22e72537d5738d473c6c8289e0e2af78e76be782ea5e432fdd5d04ba,cc_by_4_0_api_2026_08,high,2026-08-23 22:07:26.766016+00,
c0bc3779-0d25-4eb1-b8d0-5ef89ec2477b,78ec448b-c290-494e-b90e-47ecf3e6b1d4,"""R-1-8""",ca_san_jose.zoning_districts:sha256:eae7823a22e72537d5738d473c6c8289e0e2af78e76be782ea5e432fdd5d04ba,cc_by_4_0_api_2026_08,high,2026-08-23 22:07:26.766016+00,
c0ce1dcf-4aaa-4a26-9c77-cbeb6dbc766a,8907cd51-816a-4a36-a220-c523b73694aa,"""PQP""",ca_san_jose.zoning_districts:sha256:eae7823a22e72537d5738d473c6c8289e0e2af78e76be782ea5e432fdd5d04ba,cc_by_4_0_api_2026_08,high,2026-08-23 22:07:26.766016+00,
c0d9c922-e55d-4a5c-a9ce-5fa9a9c23063,4d5b46bb-9137-46c2-b12d-d9398f2ef000,"""A(PD)""",ca_san_jose.zoning_districts:sha256:eae7823a22e72537d5738d473c6c8289e0e2af78e76be782ea5e432fdd5d04ba,cc_by_4_0_api_2026_08,high,2026-08-23 22:07:26.766016+00,
c129f7fa-4157-4d8a-9cb6-1550ab00c133,949ced3c-39de-48c9-ad41-6d5a1daf017f,"""A(PD)""",ca_san_jose.zoning_districts:sha256:eae7823a22e72537d5738d473c6c8289e0e2af78e76be782ea5e432fdd5d04ba,cc_by_4_0_api_2026_08,high,2026-08-23 22:07:26.766016+00,
c1475a51-85c8-47ee-88f9-0f46d9fb248a,14dd27b1-ef5c-47b4-bb67-5fda4fa4fc16,"""A(PD)""",ca_san_jose.zoning_districts:sha256:eae7823a22e72537d5738d473c6c8289e0e2af78e76be782ea5e432fdd5d04ba,cc_by_4_0_api_2026_08,high,2026-08-23 22:07:26.766016+00,
c17d299e-9a7d-4a4d-8db5-e758ba7cde4e,dae8c5db-d606-4fd0-ba63-eef98b79a2c1,"""A(PD)""",ca_san_jose.zoning_districts:sha256:eae7823a22e72537d5738d473c6c8289e0e2af78e76be782ea5e432fdd5d04ba,cc_by_4_0_api_2026_08,high,2026-08-23 22:07:26.766016+00,
c29da0fd-3831-4872-b104-d90f19755da2,e5166fa4-38de-4479-b837-b17229a72374,"""A(PD)""",ca_san_jose.zoning_districts:sha256:eae7823a22e72537d5738d473c6c8289e0e2af78e76be782ea5e432fdd5d04ba,cc_by_4_0_api_2026_08,high,2026-08-23 22:07:26.766016+00,
c2b4b957-d66b-456d-a3a4-cc02bf3fe787,506011b4-0176-4d09-91f5-0324b7f5d2d3,"""A(PD)""",ca_san_jose.zoning_districts:sha256:eae7823a22e72537d5738d473c6c8289e0e2af78e76be782ea5e432fdd5d04ba,cc_by_4_0_api_2026_08,high,2026-08-23 22:07:26.766016+00,
c2bc51c5-2512-4e7f-ada1-9c196ad2232b,52ff3b2f-f984-401b-a683-b286ec1cae04,"""A(PD)""",ca_san_jose.zoning_districts:sha256:eae7823a22e72537d5738d473c6c8289e0e2af78e76be782ea5e432fdd5d04ba,cc_by_4_0_api_2026_08,high,2026-08-23 22:07:26.766016+00,
c2f876e5-a0fb-4db6-8403-8f45dfe45824,f3ad90d7-6ead-41cd-bef5-7224448aec1c,"""A(PD)""",ca_san_jose.zoning_districts:sha256:eae7823a22e72537d5738d473c6c8289e0e2af78e76be782ea5e432fdd5d04ba,cc_by_4_0_api_2026_08,high,2026-08-23 22:07:26.766016+00,
c32110ed-8fa5-4254-979a-caec63107781,e1d5b2aa-1fb0-48f7-9e1d-feffa362a112,"""R-1-8""",ca_san_jose.zoning_districts:sha256:eae7823a22e72537d5738d473c6c8289e0e2af78e76be782ea5e432fdd5d04ba,cc_by_4_0_api_2026_08,high,2026-08-23 22:07:26.766016+00,
c3271e13-34a1-498c-b8c8-dcaa5166d97d,e1ed9e0d-8b74-43a8-83a5-89cf46af7c10,"""A(PD)""",ca_san_jose.zoning_districts:sha256:eae7823a22e72537d5738d473c6c8289e0e2af78e76be782ea5e432fdd5d04ba,cc_by_4_0_api_2026_08,high,2026-08-23 22:07:26.766016+00,
c37cd4ab-dad2-457c-968c-2ea30d024837,87f1010b-0813-42dc-9c83-2ba876ed26dc,"""A(PD)""",ca_san_jose.zoning_districts:sha256:eae7823a22e72537d5738d473c6c8289e0e2af78e76be782ea5e432fdd5d04ba,cc_by_4_0_api_2026_08,high,2026-08-23 22:07:26.766016+00,
c3b289d0-4c0d-42e8-b318-dc2159fa7601,22ec0ef4-5c71-45f8-9242-9c6f36a81ab2,"""R-1-5(PD)""",ca_san_jose.zoning_districts:sha256:eae7823a22e72537d5738d473c6c8289e0e2af78e76be782ea5e432fdd5d04ba,cc_by_4_0_api_2026_08,high,2026-08-23 22:07:26.766016+00,
c3ba1d26-247f-49b4-8054-13ebcf5dc42b,909d7cb5-f555-4d4d-ba75-5c9648e51b2c,"""A(PD)""",ca_san_jose.zoning_districts:sha256:eae7823a22e72537d5738d473c6c8289e0e2af78e76be782ea5e432fdd5d04ba,cc_by_4_0_api_2026_08,high,2026-08-23 22:07:26.766016+00,
c3d745b7-e742-438d-b0fd-ed9961058afe,e521a604-d72d-4505-a956-e8af699d327b,"""A(PD)""",ca_san_jose.zoning_districts:sha256:eae7823a22e72537d5738d473c6c8289e0e2af78e76be782ea5e432fdd5d04ba,cc_by_4_0_api_2026_08,high,2026-08-23 22:07:26.766016+00,
c4122b72-e3cb-491a-b171-5225a1d3c22d,af388d22-22fa-40b5-b5eb-197703bed2ca,"""A(PD)""",ca_san_jose.zoning_districts:sha256:eae7823a22e72537d5738d473c6c8289e0e2af78e76be782ea5e432fdd5d04ba,cc_by_4_0_api_2026_08,high,2026-08-23 22:07:26.766016+00,
c4487fef-66f4-475d-826d-309ec569ae65,ba7a229e-d6a6-408c-87d8-7b0c4702572f,"""IP(PD)""",ca_san_jose.zoning_districts:sha256:eae7823a22e72537d5738d473c6c8289e0e2af78e76be782ea5e432fdd5d04ba,cc_by_4_0_api_2026_08,high,2026-08-23 22:07:26.766016+00,
c47819a6-97ab-4841-a7cc-d590bb89a799,8171f27d-e9e1-4e4f-ad80-97cad402f76b,"""A""",ca_san_jose.zoning_districts:sha256:eae7823a22e72537d5738d473c6c8289e0e2af78e76be782ea5e432fdd5d04ba,cc_by_4_0_api_2026_08,high,2026-08-23 22:07:26.766016+00,
c4b433a6-810f-410d-b1f0-dbe90768a75f,592ce053-87a1-46c5-9885-f4d0c9275a51,"""R-1-8""",ca_san_jose.zoning_districts:sha256:eae7823a22e72537d5738d473c6c8289e0e2af78e76be782ea5e432fdd5d04ba,cc_by_4_0_api_2026_08,high,2026-08-23 22:07:26.766016+00,
c543d116-1369-460a-8e13-3fdfba05c8de,50bf22e0-8dee-4f36-8ce6-8883fa07b0dc,"""A(PD)""",ca_san_jose.zoning_districts:sha256:eae7823a22e72537d5738d473c6c8289e0e2af78e76be782ea5e432fdd5d04ba,cc_by_4_0_api_2026_08,high,2026-08-23 22:07:26.766016+00,
c54ee8bd-f745-45d6-ae7a-9cee8d54fd27,527e7bb6-560b-4609-9096-058a64c6f17a,"""R-1-5""",ca_san_jose.zoning_districts:sha256:eae7823a22e72537d5738d473c6c8289e0e2af78e76be782ea5e432fdd5d04ba,cc_by_4_0_api_2026_08,high,2026-08-23 22:07:26.766016+00,
c5539ca2-75fb-4edc-8e70-8411a0819a14,a1c036c2-9d4f-4c06-80ca-b4d3ad70f453,"""R-1-5""",ca_san_jose.zoning_districts:sha256:eae7823a22e72537d5738d473c6c8289e0e2af78e76be782ea5e432fdd5d04ba,cc_by_4_0_api_2026_08,high,2026-08-23 22:07:26.766016+00,
c59d744e-0147-4247-801b-7c881479fe5e,b26641c0-57c0-4a91-9599-88d539f045fc,"""A(PD)""",ca_san_jose.zoning_districts:sha256:eae7823a22e72537d5738d473c6c8289e0e2af78e76be782ea5e432fdd5d04ba,cc_by_4_0_api_2026_08,high,2026-08-23 22:07:26.766016+00,
c6310867-688a-46f0-9ac8-3b8486d5b085,2267edbc-675c-49e0-a71e-9b24ed792338,"""A(PD)""",ca_san_jose.zoning_districts:sha256:eae7823a22e72537d5738d473c6c8289e0e2af78e76be782ea5e432fdd5d04ba,cc_by_4_0_api_2026_08,high,2026-08-23 22:07:26.766016+00,
c654cbf7-e737-446e-9302-39930a92e81b,2a4ce70c-f65c-4ba3-8537-8a928d73149d,"""UV""",ca_san_jose.zoning_districts:sha256:eae7823a22e72537d5738d473c6c8289e0e2af78e76be782ea5e432fdd5d04ba,cc_by_4_0_api_2026_08,high,2026-08-23 22:07:26.766016+00,
c66e61f4-6a98-4a6b-af0f-13557011a388,1ec0a1b2-906c-4fc0-9b55-050a4becdb7f,"""HI""",ca_san_jose.zoning_districts:sha256:eae7823a22e72537d5738d473c6c8289e0e2af78e76be782ea5e432fdd5d04ba,cc_by_4_0_api_2026_08,high,2026-08-23 22:07:26.766016+00,
c6799349-dad3-4c2d-bd56-7f2c4c52bf03,c4528bfd-0e99-4384-99b2-18b8e4a85216,"""A(PD)""",ca_san_jose.zoning_districts:sha256:eae7823a22e72537d5738d473c6c8289e0e2af78e76be782ea5e432fdd5d04ba,cc_by_4_0_api_2026_08,high,2026-08-23 22:07:26.766016+00,
c67e33ca-b800-4aae-a57b-b6e43e808a92,696b00c3-2e44-450b-b156-50d76d7508b6,"""A(PD)""",ca_san_jose.zoning_districts:sha256:eae7823a22e72537d5738d473c6c8289e0e2af78e76be782ea5e432fdd5d04ba,cc_by_4_0_api_2026_08,high,2026-08-23 22:07:26.766016+00,
c6a6c651-0ea7-43e4-9c7c-0d9ca9725758,8bad8c7f-4f4d-4b5c-93cc-b6794642cd03,"""A(PD)""",ca_san_jose.zoning_districts:sha256:eae7823a22e72537d5738d473c6c8289e0e2af78e76be782ea5e432fdd5d04ba,cc_by_4_0_api_2026_08,high,2026-08-23 22:07:26.766016+00,
c6d4ac72-a0e1-4a95-948f-e3ba6d62173d,99b6121d-a0e8-4fea-b06c-b98cdc587f32,"""R-M(PD)""",ca_san_jose.zoning_districts:sha256:eae7823a22e72537d5738d473c6c8289e0e2af78e76be782ea5e432fdd5d04ba,cc_by_4_0_api_2026_08,high,2026-08-23 22:07:26.766016+00,
c722806f-02fd-4300-aae2-1c148c4edd9d,92fee23b-0178-4e7f-8790-92a348bfeacc,"""A(PD)""",ca_san_jose.zoning_districts:sha256:eae7823a22e72537d5738d473c6c8289e0e2af78e76be782ea5e432fdd5d04ba,cc_by_4_0_api_2026_08,high,2026-08-23 22:07:26.766016+00,
c75a16b9-3d5f-45e7-aed9-bcd7e23185d7,2fe5a4fe-7ade-46ad-b4f4-0965ddd58cd8,"""A(PD)""",ca_san_jose.zoning_districts:sha256:eae7823a22e72537d5738d473c6c8289e0e2af78e76be782ea5e432fdd5d04ba,cc_by_4_0_api_2026_08,high,2026-08-23 22:07:26.766016+00,
c7859c0b-8c7e-4514-8456-28a86f77c453,377d2b06-517d-417c-b0a4-8d12722a5661,"""A(PD)""",ca_san_jose.zoning_districts:sha256:eae7823a22e72537d5738d473c6c8289e0e2af78e76be782ea5e432fdd5d04ba,cc_by_4_0_api_2026_08,high,2026-08-23 22:07:26.766016+00,
c7b8c805-a274-4c01-8b6c-c7f85d6a9e74,47d83a24-481c-4e70-8098-554d229fb92d,"""A(PD)""",ca_san_jose.zoning_districts:sha256:eae7823a22e72537d5738d473c6c8289e0e2af78e76be782ea5e432fdd5d04ba,cc_by_4_0_api_2026_08,high,2026-08-23 22:07:26.766016+00,
c813506d-0bdf-4703-8230-ec663d02d265,ad3030c9-5235-4651-afc1-49fd21b64f53,"""R-1-5""",ca_san_jose.zoning_districts:sha256:eae7823a22e72537d5738d473c6c8289e0e2af78e76be782ea5e432fdd5d04ba,cc_by_4_0_api_2026_08,high,2026-08-23 22:07:26.766016+00,
c81d40fc-8075-4bdd-9173-f5df712354e4,4b9a5b65-7b22-4da6-927a-2515734bcd35,"""R-1-8""",ca_san_jose.zoning_districts:sha256:eae7823a22e72537d5738d473c6c8289e0e2af78e76be782ea5e432fdd5d04ba,cc_by_4_0_api_2026_08,high,2026-08-23 22:07:26.766016+00,
c8404d39-f8ce-45ae-b278-97de279cc4cb,fb72976d-065e-4ada-844a-c581ac648ca5,"""OS""",ca_san_jose.zoning_districts:sha256:eae7823a22e72537d5738d473c6c8289e0e2af78e76be782ea5e432fdd5d04ba,cc_by_4_0_api_2026_08,high,2026-08-23 22:07:26.766016+00,
c8e74019-4cdd-48e2-af93-2f87969c9e9c,8e942db3-e618-409b-97f3-b08f011a78e6,"""A(PD)""",ca_san_jose.zoning_districts:sha256:eae7823a22e72537d5738d473c6c8289e0e2af78e76be782ea5e432fdd5d04ba,cc_by_4_0_api_2026_08,high,2026-08-23 22:07:26.766016+00,
c913cbd6-a813-4c54-9659-9012b56a921a,12088175-0eef-4ceb-a2b3-edf547046b24,"""A(PD)""",ca_san_jose.zoning_districts:sha256:eae7823a22e72537d5738d473c6c8289e0e2af78e76be782ea5e432fdd5d04ba,cc_by_4_0_api_2026_08,high,2026-08-23 22:07:26.766016+00,
c960a3a9-361b-4676-9dc5-b321b4f22016,83a2ccd9-c799-44e7-ba9c-c7b38c8ff665,"""A(PD)""",ca_san_jose.zoning_districts:sha256:eae7823a22e72537d5738d473c6c8289e0e2af78e76be782ea5e432fdd5d04ba,cc_by_4_0_api_2026_08,high,2026-08-23 22:07:26.766016+00,
c9dab00b-5edf-4e4b-8a64-28e5060c668e,1821d19b-b876-4ce7-b1cb-8b3417783eab,"""MUN""",ca_san_jose.zoning_districts:sha256:eae7823a22e72537d5738d473c6c8289e0e2af78e76be782ea5e432fdd5d04ba,cc_by_4_0_api_2026_08,high,2026-08-23 22:07:26.766016+00,
ca051997-b51c-4d41-bbcf-33367f352f97,0e1736c3-360f-4be5-ab67-26b5143be132,"""A(PD)""",ca_san_jose.zoning_districts:sha256:eae7823a22e72537d5738d473c6c8289e0e2af78e76be782ea5e432fdd5d04ba,cc_by_4_0_api_2026_08,high,2026-08-23 22:07:26.766016+00,
ca36043a-6730-4c4c-8b0f-8f03ab1b12c4,e54830fe-ccd6-4e1b-9292-1f1ffe9a6ab3,"""A(PD)""",ca_san_jose.zoning_districts:sha256:eae7823a22e72537d5738d473c6c8289e0e2af78e76be782ea5e432fdd5d04ba,cc_by_4_0_api_2026_08,high,2026-08-23 22:07:26.766016+00,
ca91ab18-fe5a-4868-a237-96255b995a83,6717fa6d-8623-4b8b-9837-332e4711d5dd,"""A(PD)""",ca_san_jose.zoning_districts:sha256:eae7823a22e72537d5738d473c6c8289e0e2af78e76be782ea5e432fdd5d04ba,cc_by_4_0_api_2026_08,high,2026-08-23 22:07:26.766016+00,
caaa115f-e824-4c74-b320-a61a89c8becd,cec3561f-34b9-4c6b-83a2-dd3ed27b52f3,"""A(PD)""",ca_san_jose.zoning_districts:sha256:eae7823a22e72537d5738d473c6c8289e0e2af78e76be782ea5e432fdd5d04ba,cc_by_4_0_api_2026_08,high,2026-08-23 22:07:26.766016+00,
cabff5fa-3fbd-4b7e-bab8-6e5fe38928d1,76de2de7-55bd-4e2b-bf65-ffaf1a4752ee,"""R-1-8""",ca_san_jose.zoning_districts:sha256:eae7823a22e72537d5738d473c6c8289e0e2af78e76be782ea5e432fdd5d04ba,cc_by_4_0_api_2026_08,high,2026-08-23 22:07:26.766016+00,
cade73a3-80f1-42c2-a8d7-7c72ba4819e3,63e9036b-9fdd-4a4c-8d14-321f1e11e5ed,"""A(PD)""",ca_san_jose.zoning_districts:sha256:eae7823a22e72537d5738d473c6c8289e0e2af78e76be782ea5e432fdd5d04ba,cc_by_4_0_api_2026_08,high,2026-08-23 22:07:26.766016+00,
cb00fd0e-17cc-47ea-9010-b82a3d25f98d,21e91230-0862-4aee-b622-68b33a6b730c,"""A(PD)""",ca_san_jose.zoning_districts:sha256:eae7823a22e72537d5738d473c6c8289e0e2af78e76be782ea5e432fdd5d04ba,cc_by_4_0_api_2026_08,high,2026-08-23 22:07:26.766016+00,
cb2ee035-7adb-42e7-b147-2d8c5811f534,ea570c45-e906-40c3-a580-552289439397,"""A(PD)""",ca_san_jose.zoning_districts:sha256:eae7823a22e72537d5738d473c6c8289e0e2af78e76be782ea5e432fdd5d04ba,cc_by_4_0_api_2026_08,high,2026-08-23 22:07:26.766016+00,
cb5de392-75ad-430d-a235-64fe75c46bc3,bcf28d34-1698-4cec-83c7-81bc6de95dd5,"""IP(PD)""",ca_san_jose.zoning_districts:sha256:eae7823a22e72537d5738d473c6c8289e0e2af78e76be782ea5e432fdd5d04ba,cc_by_4_0_api_2026_08,high,2026-08-23 22:07:26.766016+00,
cb6b3c4c-b967-4e47-8b4e-c52a908f211f,c469cc61-4868-47fb-913d-84ea9a9e476d,"""R-1-1(PD)""",ca_san_jose.zoning_districts:sha256:eae7823a22e72537d5738d473c6c8289e0e2af78e76be782ea5e432fdd5d04ba,cc_by_4_0_api_2026_08,high,2026-08-23 22:07:26.766016+00,
cb8b739e-c4ec-4ed0-970d-2cf39d8994c1,db5e87e4-4b11-483d-b2f4-d8ac3342b516,"""R-1-8""",ca_san_jose.zoning_districts:sha256:eae7823a22e72537d5738d473c6c8289e0e2af78e76be782ea5e432fdd5d04ba,cc_by_4_0_api_2026_08,high,2026-08-23 22:07:26.766016+00,
cc786564-eaad-4d08-955a-724f689120f4,3ddba2c2-6b2b-43d2-9761-c40918cf2b67,"""A(PD)""",ca_san_jose.zoning_districts:sha256:eae7823a22e72537d5738d473c6c8289e0e2af78e76be782ea5e432fdd5d04ba,cc_by_4_0_api_2026_08,high,2026-08-23 22:07:26.766016+00,
cc88abe7-f9e1-42a1-afa4-be0e26d3a868,c3340d23-22ce-479d-845f-ef2b10a215ba,"""A(PD)""",ca_san_jose.zoning_districts:sha256:eae7823a22e72537d5738d473c6c8289e0e2af78e76be782ea5e432fdd5d04ba,cc_by_4_0_api_2026_08,high,2026-08-23 22:07:26.766016+00,
cc926a45-1a83-428a-bf51-e68e63f4093f,a7e5a50b-41d6-481f-848a-3679bdc3eb72,"""A""",ca_san_jose.zoning_districts:sha256:eae7823a22e72537d5738d473c6c8289e0e2af78e76be782ea5e432fdd5d04ba,cc_by_4_0_api_2026_08,high,2026-08-23 22:07:26.766016+00,
cce3e192-6533-4d26-8845-858809499815,8a030dd7-4912-4219-9b13-59629dfbb56e,"""A(PD)""",ca_san_jose.zoning_districts:sha256:eae7823a22e72537d5738d473c6c8289e0e2af78e76be782ea5e432fdd5d04ba,cc_by_4_0_api_2026_08,high,2026-08-23 22:07:26.766016+00,
cceee6f8-22f8-44c3-ba7b-6f688f34eb93,119face9-c872-4d02-ad7b-476d35e0c4b6,"""R-1-8(PD)""",ca_san_jose.zoning_districts:sha256:eae7823a22e72537d5738d473c6c8289e0e2af78e76be782ea5e432fdd5d04ba,cc_by_4_0_api_2026_08,high,2026-08-23 22:07:26.766016+00,
cd59ed46-d2ab-4b1a-b030-b8f995f2945a,e4c7801e-1e96-4056-a636-4f35579ed7a4,"""A(PD)""",ca_san_jose.zoning_districts:sha256:eae7823a22e72537d5738d473c6c8289e0e2af78e76be782ea5e432fdd5d04ba,cc_by_4_0_api_2026_08,high,2026-08-23 22:07:26.766016+00,
cdb00e4e-d8f2-4172-87a9-44e6452274e4,49103416-57e5-4e4b-baa9-590446043e65,"""A(PD)""",ca_san_jose.zoning_districts:sha256:eae7823a22e72537d5738d473c6c8289e0e2af78e76be782ea5e432fdd5d04ba,cc_by_4_0_api_2026_08,high,2026-08-23 22:07:26.766016+00,
cdd8d383-5a27-4535-80a6-17aa00d71c19,5443388a-eaea-4074-946b-0a91f833a0ae,"""OS""",ca_san_jose.zoning_districts:sha256:eae7823a22e72537d5738d473c6c8289e0e2af78e76be782ea5e432fdd5d04ba,cc_by_4_0_api_2026_08,high,2026-08-23 22:07:26.766016+00,
ce08b3d7-48dc-43ce-a4de-0c7b181672d3,89035d4e-d9ee-4d27-a434-7bb13fb8719f,"""A(PD)""",ca_san_jose.zoning_districts:sha256:eae7823a22e72537d5738d473c6c8289e0e2af78e76be782ea5e432fdd5d04ba,cc_by_4_0_api_2026_08,high,2026-08-23 22:07:26.766016+00,
cedc1334-6023-42e7-932f-95506c86bf68,493b5a1d-70c4-499b-8c37-77c7aee885c0,"""A(PD)""",ca_san_jose.zoning_districts:sha256:eae7823a22e72537d5738d473c6c8289e0e2af78e76be782ea5e432fdd5d04ba,cc_by_4_0_api_2026_08,high,2026-08-23 22:07:26.766016+00,
cf8c45d1-633c-4edb-9a83-10211aab3efd,36fefe69-6347-4aca-9888-3b38e795f6c6,"""A""",ca_san_jose.zoning_districts:sha256:eae7823a22e72537d5738d473c6c8289e0e2af78e76be782ea5e432fdd5d04ba,cc_by_4_0_api_2026_08,high,2026-08-23 22:07:26.766016+00,
cfa177da-24a9-415b-84ba-9fff7628d9b1,fc4166dc-bba9-47db-b578-5c5caa30f1b8,"""A(PD)""",ca_san_jose.zoning_districts:sha256:eae7823a22e72537d5738d473c6c8289e0e2af78e76be782ea5e432fdd5d04ba,cc_by_4_0_api_2026_08,high,2026-08-23 22:07:26.766016+00,
cfe65256-16ee-4372-a14b-def7da18317e,0776932f-6b1f-4e54-a357-b8293744ac54,"""A(PD)""",ca_san_jose.zoning_districts:sha256:eae7823a22e72537d5738d473c6c8289e0e2af78e76be782ea5e432fdd5d04ba,cc_by_4_0_api_2026_08,high,2026-08-23 22:07:26.766016+00,
cff56487-536b-4223-87d2-f9adad0056e5,380d2a60-fd48-4aae-9c2d-dc84abbc3ecf,"""A(PD)""",ca_san_jose.zoning_districts:sha256:eae7823a22e72537d5738d473c6c8289e0e2af78e76be782ea5e432fdd5d04ba,cc_by_4_0_api_2026_08,high,2026-08-23 22:07:26.766016+00,
cfffe268-f066-42ee-ad5d-ce47106717da,0783f67d-afd2-4f88-a7ae-8c4ef3221339,"""A(PD)""",ca_san_jose.zoning_districts:sha256:eae7823a22e72537d5738d473c6c8289e0e2af78e76be782ea5e432fdd5d04ba,cc_by_4_0_api_2026_08,high,2026-08-23 22:07:26.766016+00,
d0087f4b-7df1-4332-80d7-55e99bb62e09,cec822a1-f5e7-410e-a03a-7e5fad839b75,"""A(PD)""",ca_san_jose.zoning_districts:sha256:eae7823a22e72537d5738d473c6c8289e0e2af78e76be782ea5e432fdd5d04ba,cc_by_4_0_api_2026_08,high,2026-08-23 22:07:26.766016+00,
d009dff9-f9ce-4205-aa5c-3ed74c16e527,be25195c-50cc-4e54-bb7b-b0212e50e435,"""R-M(CL)""",ca_san_jose.zoning_districts:sha256:eae7823a22e72537d5738d473c6c8289e0e2af78e76be782ea5e432fdd5d04ba,cc_by_4_0_api_2026_08,high,2026-08-23 22:07:26.766016+00,
d060b8ed-3ae3-4952-8458-93d51d5d4f36,f8b4c7d8-a7a1-4cb0-a3aa-1ef6b932bc94,"""A(PD)""",ca_san_jose.zoning_districts:sha256:eae7823a22e72537d5738d473c6c8289e0e2af78e76be782ea5e432fdd5d04ba,cc_by_4_0_api_2026_08,high,2026-08-23 22:07:26.766016+00,
d07ecfb2-2379-4304-bd7b-1288bd553608,fc26e3c7-5623-44c7-98c6-31328dc95001,"""A(PD)""",ca_san_jose.zoning_districts:sha256:eae7823a22e72537d5738d473c6c8289e0e2af78e76be782ea5e432fdd5d04ba,cc_by_4_0_api_2026_08,high,2026-08-23 22:07:26.766016+00,
d10ff87d-4a7c-4e5b-83e4-bf58aeaa0a7e,bc7afd83-a5a8-4301-89cf-1dcd6dbfa778,"""A(PD)""",ca_san_jose.zoning_districts:sha256:eae7823a22e72537d5738d473c6c8289e0e2af78e76be782ea5e432fdd5d04ba,cc_by_4_0_api_2026_08,high,2026-08-23 22:07:26.766016+00,
d191e37b-4395-4b89-a58d-eaaa0c21560f,b03d573e-679c-4919-a360-0be68dc125eb,"""OS""",ca_san_jose.zoning_districts:sha256:eae7823a22e72537d5738d473c6c8289e0e2af78e76be782ea5e432fdd5d04ba,cc_by_4_0_api_2026_08,high,2026-08-23 22:07:26.766016+00,
d1e59abc-9438-4b87-b21e-d8af8d3da8e7,0de1881f-dbfc-40a4-8df3-f7676dee4073,"""A(PD)""",ca_san_jose.zoning_districts:sha256:eae7823a22e72537d5738d473c6c8289e0e2af78e76be782ea5e432fdd5d04ba,cc_by_4_0_api_2026_08,high,2026-08-23 22:07:26.766016+00,
d1fe4392-2e95-4764-a307-ee51615c2ee5,d6638edb-65d8-4e8f-87eb-90f9e1828bce,"""OS""",ca_san_jose.zoning_districts:sha256:eae7823a22e72537d5738d473c6c8289e0e2af78e76be782ea5e432fdd5d04ba,cc_by_4_0_api_2026_08,high,2026-08-23 22:07:26.766016+00,
d21829da-baa7-4f67-b129-d6e2a7732bee,562e6ca1-5a30-474d-aff9-371eb2bceac8,"""CIC""",ca_san_jose.zoning_districts:sha256:eae7823a22e72537d5738d473c6c8289e0e2af78e76be782ea5e432fdd5d04ba,cc_by_4_0_api_2026_08,high,2026-08-23 22:07:26.766016+00,
d2686e58-d2da-4a61-a960-30bd3a7fa11a,b947b717-1c83-436a-870e-072a331d4016,"""A(PD)""",ca_san_jose.zoning_districts:sha256:eae7823a22e72537d5738d473c6c8289e0e2af78e76be782ea5e432fdd5d04ba,cc_by_4_0_api_2026_08,high,2026-08-23 22:07:26.766016+00,
d278ec23-6413-4734-b1c1-40b7e370e2c1,a7b7c1d7-bbe4-46fc-a01c-ade786208b53,"""A(PD)""",ca_san_jose.zoning_districts:sha256:eae7823a22e72537d5738d473c6c8289e0e2af78e76be782ea5e432fdd5d04ba,cc_by_4_0_api_2026_08,high,2026-08-23 22:07:26.766016+00,
d2cf81f8-351b-4a5a-b510-2d4ebf4868a0,1e7f413d-ffdf-4d7d-b3b8-f89abc70bbcd,"""A(PD)""",ca_san_jose.zoning_districts:sha256:eae7823a22e72537d5738d473c6c8289e0e2af78e76be782ea5e432fdd5d04ba,cc_by_4_0_api_2026_08,high,2026-08-23 22:07:26.766016+00,
d2e8ef99-31f9-4b97-a7a3-fc6fe11a22e8,9f2d149e-ab93-42e5-a28c-68a884f60c47,"""A(PD)""",ca_san_jose.zoning_districts:sha256:eae7823a22e72537d5738d473c6c8289e0e2af78e76be782ea5e432fdd5d04ba,cc_by_4_0_api_2026_08,high,2026-08-23 22:07:26.766016+00,
d31149ed-62c4-45fd-9253-421818628b37,b637e952-8a79-4b45-a1c9-76a54b531857,"""A(PD)""",ca_san_jose.zoning_districts:sha256:eae7823a22e72537d5738d473c6c8289e0e2af78e76be782ea5e432fdd5d04ba,cc_by_4_0_api_2026_08,high,2026-08-23 22:07:26.766016+00,
d3ab5499-c2bd-4e99-88d3-a2d5708fce20,cfeae417-fbad-43b7-84bd-e2cc90308f88,"""A(PD)""",ca_san_jose.zoning_districts:sha256:eae7823a22e72537d5738d473c6c8289e0e2af78e76be782ea5e432fdd5d04ba,cc_by_4_0_api_2026_08,high,2026-08-23 22:07:26.766016+00,
d3bdedd4-5ec9-49bf-a20d-8612b2687450,a7419e3c-fda0-4d0d-8a7f-8c649ab67f31,"""R-2""",ca_san_jose.zoning_districts:sha256:eae7823a22e72537d5738d473c6c8289e0e2af78e76be782ea5e432fdd5d04ba,cc_by_4_0_api_2026_08,high,2026-08-23 22:07:26.766016+00,
d3c1fd5e-43e7-49a5-9eba-ce1cbb7b055a,1e436f9a-eb0c-4f90-82ef-3147f984b9b2,"""A(PD)""",ca_san_jose.zoning_districts:sha256:eae7823a22e72537d5738d473c6c8289e0e2af78e76be782ea5e432fdd5d04ba,cc_by_4_0_api_2026_08,high,2026-08-23 22:07:26.766016+00,
d3d0c3ea-268e-426d-b44e-3a8e522dec01,ea6ca518-9a4a-4016-9591-525f21343db1,"""A(PD)""",ca_san_jose.zoning_districts:sha256:eae7823a22e72537d5738d473c6c8289e0e2af78e76be782ea5e432fdd5d04ba,cc_by_4_0_api_2026_08,high,2026-08-23 22:07:26.766016+00,
d4256254-b4c7-4ac9-831a-91c814798678,b7505508-703a-4ed1-860f-42c16f4fe88a,"""A(PD)""",ca_san_jose.zoning_districts:sha256:eae7823a22e72537d5738d473c6c8289e0e2af78e76be782ea5e432fdd5d04ba,cc_by_4_0_api_2026_08,high,2026-08-23 22:07:26.766016+00,
d42f3d02-ecae-46df-95b7-3dad84449350,418b79af-5cee-43d3-ab8b-51d5395adba0,"""A(PD)""",ca_san_jose.zoning_districts:sha256:eae7823a22e72537d5738d473c6c8289e0e2af78e76be782ea5e432fdd5d04ba,cc_by_4_0_api_2026_08,high,2026-08-23 22:07:26.766016+00,
d44e903a-8b82-4ceb-ac83-514cb6517288,7c1673f0-251b-437e-b8b0-a4acc9ab8ee7,"""A(PD)""",ca_san_jose.zoning_districts:sha256:eae7823a22e72537d5738d473c6c8289e0e2af78e76be782ea5e432fdd5d04ba,cc_by_4_0_api_2026_08,high,2026-08-23 22:07:26.766016+00,
d477417b-4c2e-4628-92e6-ffd0f5ccfcd1,1a71d765-1cf8-47e8-92f6-705fa49ab6e2,"""A(PD)""",ca_san_jose.zoning_districts:sha256:eae7823a22e72537d5738d473c6c8289e0e2af78e76be782ea5e432fdd5d04ba,cc_by_4_0_api_2026_08,high,2026-08-23 22:07:26.766016+00,
d47d236f-aa22-4cd0-b8a3-b154d0adee08,09ec69e7-d992-4e9f-b049-07dcaef9ab6b,"""A(PD)""",ca_san_jose.zoning_districts:sha256:eae7823a22e72537d5738d473c6c8289e0e2af78e76be782ea5e432fdd5d04ba,cc_by_4_0_api_2026_08,high,2026-08-23 22:07:26.766016+00,
d4e940f9-ef65-44be-a3a6-1ff23d9c7d95,f067fbeb-9083-4137-9bd1-a0f9849f8300,"""A(PD)""",ca_san_jose.zoning_districts:sha256:eae7823a22e72537d5738d473c6c8289e0e2af78e76be782ea5e432fdd5d04ba,cc_by_4_0_api_2026_08,high,2026-08-23 22:07:26.766016+00,
d5468d18-b5c4-4c3c-8b72-e6482e1d643a,e3580c21-3657-4ffb-bfe3-928e20952427,"""A(PD)""",ca_san_jose.zoning_districts:sha256:eae7823a22e72537d5738d473c6c8289e0e2af78e76be782ea5e432fdd5d04ba,cc_by_4_0_api_2026_08,high,2026-08-23 22:07:26.766016+00,
d573fa69-6472-49ce-965f-ad7708a71457,6f76ba34-f005-450c-bd5d-6bfd9712f49a,"""A(PD)""",ca_san_jose.zoning_districts:sha256:eae7823a22e72537d5738d473c6c8289e0e2af78e76be782ea5e432fdd5d04ba,cc_by_4_0_api_2026_08,high,2026-08-23 22:07:26.766016+00,
d58d5af2-187d-456c-a2f9-8336b30c54d7,878a338a-d6b0-45c9-ab5f-434fadb9594c,"""A(PD)""",ca_san_jose.zoning_districts:sha256:eae7823a22e72537d5738d473c6c8289e0e2af78e76be782ea5e432fdd5d04ba,cc_by_4_0_api_2026_08,high,2026-08-23 22:07:26.766016+00,
d5b578d0-4ab1-49a3-ac50-1835dc76cecf,68c50a73-58db-4d68-97f5-e5109fd98c3b,"""A(PD)""",ca_san_jose.zoning_districts:sha256:eae7823a22e72537d5738d473c6c8289e0e2af78e76be782ea5e432fdd5d04ba,cc_by_4_0_api_2026_08,high,2026-08-23 22:07:26.766016+00,
d5b72449-1bdd-4420-87b5-ec8763e8282a,76cbe303-2dbd-42d5-a7ec-a24d31d8237c,"""IP""",ca_san_jose.zoning_districts:sha256:eae7823a22e72537d5738d473c6c8289e0e2af78e76be782ea5e432fdd5d04ba,cc_by_4_0_api_2026_08,high,2026-08-23 22:07:26.766016+00,
d6db34a3-5d0d-4b7a-9327-a524473f23f7,df7c84fe-01b7-42da-bb5d-33b599e1f82f,"""A(PD)""",ca_san_jose.zoning_districts:sha256:eae7823a22e72537d5738d473c6c8289e0e2af78e76be782ea5e432fdd5d04ba,cc_by_4_0_api_2026_08,high,2026-08-23 22:07:26.766016+00,
d780b183-e323-4948-a4f8-d8593c34e465,c1706120-d082-4771-b94c-4f0f6400ca23,"""A(PD)""",ca_san_jose.zoning_districts:sha256:eae7823a22e72537d5738d473c6c8289e0e2af78e76be782ea5e432fdd5d04ba,cc_by_4_0_api_2026_08,high,2026-08-23 22:07:26.766016+00,
d796dafe-df3e-4304-8f58-523309d0bb31,1d801b6d-734a-4456-8bfb-c030d994ad53,"""A(PD)""",ca_san_jose.zoning_districts:sha256:eae7823a22e72537d5738d473c6c8289e0e2af78e76be782ea5e432fdd5d04ba,cc_by_4_0_api_2026_08,high,2026-08-23 22:07:26.766016+00,
d79e7c79-6369-4fd2-9375-f4b9dfb840e1,d8c1e7a1-848a-4b2e-bc51-11b1af8cc7f9,"""CP(PD)""",ca_san_jose.zoning_districts:sha256:eae7823a22e72537d5738d473c6c8289e0e2af78e76be782ea5e432fdd5d04ba,cc_by_4_0_api_2026_08,high,2026-08-23 22:07:26.766016+00,
d826ef4d-df3d-4470-8def-993d83c077a3,a5865275-f0a5-4c86-b9ba-d024f2c5eadd,"""A(PD)""",ca_san_jose.zoning_districts:sha256:eae7823a22e72537d5738d473c6c8289e0e2af78e76be782ea5e432fdd5d04ba,cc_by_4_0_api_2026_08,high,2026-08-23 22:07:26.766016+00,
d858b6f4-ddf9-4d3e-810d-63912d45cd39,cd4ee1f8-7a46-49b6-8505-70c36e57a565,"""A""",ca_san_jose.zoning_districts:sha256:eae7823a22e72537d5738d473c6c8289e0e2af78e76be782ea5e432fdd5d04ba,cc_by_4_0_api_2026_08,high,2026-08-23 22:07:26.766016+00,
d8da6157-65b4-4d14-bacd-813da5596b7d,02435904-ba80-4b4c-8cbb-d8b8e4d0c217,"""A(PD)""",ca_san_jose.zoning_districts:sha256:eae7823a22e72537d5738d473c6c8289e0e2af78e76be782ea5e432fdd5d04ba,cc_by_4_0_api_2026_08,high,2026-08-23 22:07:26.766016+00,
d999cd39-7844-4f53-9864-65ac281981be,b688bbed-e727-45be-b217-c11dba029ce5,"""DC""",ca_san_jose.zoning_districts:sha256:eae7823a22e72537d5738d473c6c8289e0e2af78e76be782ea5e432fdd5d04ba,cc_by_4_0_api_2026_08,high,2026-08-23 22:07:26.766016+00,
d99cd50e-752d-4610-a843-3e1e80ec2ae5,92b1f400-3aaf-4e26-a226-577fa2924213,"""A(PD)""",ca_san_jose.zoning_districts:sha256:eae7823a22e72537d5738d473c6c8289e0e2af78e76be782ea5e432fdd5d04ba,cc_by_4_0_api_2026_08,high,2026-08-23 22:07:26.766016+00,
d9c21f23-a894-4cde-a332-68f87dc2eca7,b5d3d381-b5a2-45c0-9225-82d5610b5bad,"""R-2""",ca_san_jose.zoning_districts:sha256:eae7823a22e72537d5738d473c6c8289e0e2af78e76be782ea5e432fdd5d04ba,cc_by_4_0_api_2026_08,high,2026-08-23 22:07:26.766016+00,
d9db47d6-87ac-49cf-8df1-a2a14cb8ac09,5421d30b-782d-4aa4-8529-4c797153f3b8,"""R-1-8(PD)""",ca_san_jose.zoning_districts:sha256:eae7823a22e72537d5738d473c6c8289e0e2af78e76be782ea5e432fdd5d04ba,cc_by_4_0_api_2026_08,high,2026-08-23 22:07:26.766016+00,
d9ea2ce7-4442-4995-ae16-ea88c0ddbe26,e3b973ec-6673-4d7c-beaa-0e7d23edb0e9,"""A(PD)""",ca_san_jose.zoning_districts:sha256:eae7823a22e72537d5738d473c6c8289e0e2af78e76be782ea5e432fdd5d04ba,cc_by_4_0_api_2026_08,high,2026-08-23 22:07:26.766016+00,
da0af0f7-f8ab-442f-8b88-2126b5d335a2,70502fbb-6751-4943-8395-0ba7f0dd8c14,"""A(PD)""",ca_san_jose.zoning_districts:sha256:eae7823a22e72537d5738d473c6c8289e0e2af78e76be782ea5e432fdd5d04ba,cc_by_4_0_api_2026_08,high,2026-08-23 22:07:26.766016+00,
db018c38-9e21-4e3d-bd35-3c271b319f88,1f253926-8a50-403e-b519-9c58feab8d4a,"""A(PD)""",ca_san_jose.zoning_districts:sha256:eae7823a22e72537d5738d473c6c8289e0e2af78e76be782ea5e432fdd5d04ba,cc_by_4_0_api_2026_08,high,2026-08-23 22:07:26.766016+00,
db25f49a-a30e-4650-9ceb-37b9a27cd7e3,44a90809-2a68-45b0-978d-1660754ae46f,"""UR""",ca_san_jose.zoning_districts:sha256:eae7823a22e72537d5738d473c6c8289e0e2af78e76be782ea5e432fdd5d04ba,cc_by_4_0_api_2026_08,high,2026-08-23 22:07:26.766016+00,
db702369-04b4-463e-bbdd-bc7af67c2747,a8154ede-7ef5-45f9-8e2e-580131b29564,"""A(PD)""",ca_san_jose.zoning_districts:sha256:eae7823a22e72537d5738d473c6c8289e0e2af78e76be782ea5e432fdd5d04ba,cc_by_4_0_api_2026_08,high,2026-08-23 22:07:26.766016+00,
dbaf5ed0-5be8-4b6e-aa5b-837e10766016,e2b41a4c-7e1b-416d-9129-674ee44ad7eb,"""A(PD)""",ca_san_jose.zoning_districts:sha256:eae7823a22e72537d5738d473c6c8289e0e2af78e76be782ea5e432fdd5d04ba,cc_by_4_0_api_2026_08,high,2026-08-23 22:07:26.766016+00,
dc68daf3-4468-4300-905d-e35503c28a99,d11038b9-1c3c-4eed-8bbe-0c972cb64ec0,"""A""",ca_san_jose.zoning_districts:sha256:eae7823a22e72537d5738d473c6c8289e0e2af78e76be782ea5e432fdd5d04ba,cc_by_4_0_api_2026_08,high,2026-08-23 22:07:26.766016+00,
dc7abafb-a68c-48a6-b2b6-b3a1100706f1,f86f2a59-52a0-49f7-992e-e003f172882f,"""DC""",ca_san_jose.zoning_districts:sha256:eae7823a22e72537d5738d473c6c8289e0e2af78e76be782ea5e432fdd5d04ba,cc_by_4_0_api_2026_08,high,2026-08-23 22:07:26.766016+00,
dca09a64-43ff-4799-a0b4-3f2a4341c529,d3244b7b-7400-4356-80c3-501ab7ffeea1,"""R-1-5(PD)""",ca_san_jose.zoning_districts:sha256:eae7823a22e72537d5738d473c6c8289e0e2af78e76be782ea5e432fdd5d04ba,cc_by_4_0_api_2026_08,high,2026-08-23 22:07:26.766016+00,
dca93c2e-1120-4f96-a924-1bd7f175a370,39a06b08-458e-4f91-a925-3a97246e5b94,"""A(PD)""",ca_san_jose.zoning_districts:sha256:eae7823a22e72537d5738d473c6c8289e0e2af78e76be782ea5e432fdd5d04ba,cc_by_4_0_api_2026_08,high,2026-08-23 22:07:26.766016+00,
dcba2682-38da-4251-acc0-e801f4c8624d,f8d6a2d3-2e17-488f-b4c3-8d1a000e6838,"""IP(PD)""",ca_san_jose.zoning_districts:sha256:eae7823a22e72537d5738d473c6c8289e0e2af78e76be782ea5e432fdd5d04ba,cc_by_4_0_api_2026_08,high,2026-08-23 22:07:26.766016+00,
dcc7652c-0aad-4ed6-9593-d3e3b19a6937,1c6bbd80-f22c-4619-9964-3e131bd8560e,"""A(PD)""",ca_san_jose.zoning_districts:sha256:eae7823a22e72537d5738d473c6c8289e0e2af78e76be782ea5e432fdd5d04ba,cc_by_4_0_api_2026_08,high,2026-08-23 22:07:26.766016+00,
dcdf84f3-f830-4279-b667-a12bd5b9e56a,26fd3df9-7359-4b59-b7c1-e7bcd3ca7251,"""MUN""",ca_san_jose.zoning_districts:sha256:eae7823a22e72537d5738d473c6c8289e0e2af78e76be782ea5e432fdd5d04ba,cc_by_4_0_api_2026_08,high,2026-08-23 22:07:26.766016+00,
dd55cf46-e15a-4c2d-be9c-392c9e847a93,5db1456f-feaf-4e82-ae3d-e80f550e19ff,"""R-1-8""",ca_san_jose.zoning_districts:sha256:eae7823a22e72537d5738d473c6c8289e0e2af78e76be782ea5e432fdd5d04ba,cc_by_4_0_api_2026_08,high,2026-08-23 22:07:26.766016+00,
ddacfa32-5771-4189-93c6-09edd617253a,593b1fb3-349d-4e45-be94-ca090550070f,"""A(PD)""",ca_san_jose.zoning_districts:sha256:eae7823a22e72537d5738d473c6c8289e0e2af78e76be782ea5e432fdd5d04ba,cc_by_4_0_api_2026_08,high,2026-08-23 22:07:26.766016+00,
ddd97556-6137-43e0-ab48-e2d93c136162,d81da965-0f76-481e-b3b2-79baa24be11b,"""DC""",ca_san_jose.zoning_districts:sha256:eae7823a22e72537d5738d473c6c8289e0e2af78e76be782ea5e432fdd5d04ba,cc_by_4_0_api_2026_08,high,2026-08-23 22:07:26.766016+00,
dddc5e16-feb1-4c2c-a6d4-db5dd6dd7b54,eaf12f66-1d6a-4dd9-8866-2ab564dafa5c,"""IP""",ca_san_jose.zoning_districts:sha256:eae7823a22e72537d5738d473c6c8289e0e2af78e76be782ea5e432fdd5d04ba,cc_by_4_0_api_2026_08,high,2026-08-23 22:07:26.766016+00,
de155021-30a8-410e-89ac-9972fdd91a70,28c63fc6-f597-4ea3-8312-8ebe3a0b43f3,"""A(PD)""",ca_san_jose.zoning_districts:sha256:eae7823a22e72537d5738d473c6c8289e0e2af78e76be782ea5e432fdd5d04ba,cc_by_4_0_api_2026_08,high,2026-08-23 22:07:26.766016+00,
de61a2d1-ebdf-4f11-a99b-1de4ce849b20,8c048a59-9857-4915-a232-ef28ceee224d,"""A(PD)""",ca_san_jose.zoning_districts:sha256:eae7823a22e72537d5738d473c6c8289e0e2af78e76be782ea5e432fdd5d04ba,cc_by_4_0_api_2026_08,high,2026-08-23 22:07:26.766016+00,
de6e0c80-5b4a-4b67-87be-012248020914,bf5e2595-7064-4bf6-8e7b-8f0078edaaa3,"""A(PD)""",ca_san_jose.zoning_districts:sha256:eae7823a22e72537d5738d473c6c8289e0e2af78e76be782ea5e432fdd5d04ba,cc_by_4_0_api_2026_08,high,2026-08-23 22:07:26.766016+00,
de864bb0-c92a-47e3-b241-14475e001cf1,69671542-7447-4573-8a5f-4f8443a83965,"""A(PD)""",ca_san_jose.zoning_districts:sha256:eae7823a22e72537d5738d473c6c8289e0e2af78e76be782ea5e432fdd5d04ba,cc_by_4_0_api_2026_08,high,2026-08-23 22:07:26.766016+00,
deb93770-cb86-4f73-9fa8-dd0fb733badb,e7d3aea2-4b72-4123-8e0f-e841629bbf4f,"""R-1-8""",ca_san_jose.zoning_districts:sha256:eae7823a22e72537d5738d473c6c8289e0e2af78e76be782ea5e432fdd5d04ba,cc_by_4_0_api_2026_08,high,2026-08-23 22:07:26.766016+00,
df014af1-19b8-4502-b178-fa6e304ce939,77ee3dd9-9790-4bbc-b291-1c02b45361a7,"""A(PD)""",ca_san_jose.zoning_districts:sha256:eae7823a22e72537d5738d473c6c8289e0e2af78e76be782ea5e432fdd5d04ba,cc_by_4_0_api_2026_08,high,2026-08-23 22:07:26.766016+00,
df24be97-3237-4b0d-92c3-e1c764e6310c,d85f66d5-6309-4f56-a97a-4eb5ca19fe79,"""A""",ca_san_jose.zoning_districts:sha256:eae7823a22e72537d5738d473c6c8289e0e2af78e76be782ea5e432fdd5d04ba,cc_by_4_0_api_2026_08,high,2026-08-23 22:07:26.766016+00,
df2ee9ef-7e7c-4ca1-9a7c-39bdc4830a8c,7e81117d-0cf2-4319-974e-0fa96ee2227b,"""R-1-8(PD)""",ca_san_jose.zoning_districts:sha256:eae7823a22e72537d5738d473c6c8289e0e2af78e76be782ea5e432fdd5d04ba,cc_by_4_0_api_2026_08,high,2026-08-23 22:07:26.766016+00,
df3a4c7f-a038-460a-a256-b60411df7736,cb0d4823-4714-4332-95b6-2dbf612274a3,"""A(PD)""",ca_san_jose.zoning_districts:sha256:eae7823a22e72537d5738d473c6c8289e0e2af78e76be782ea5e432fdd5d04ba,cc_by_4_0_api_2026_08,high,2026-08-23 22:07:26.766016+00,
df4a3830-5c8a-419e-a3a4-db45f5229c04,4a3ea03e-ea02-4c40-9c67-b2f65c996d1c,"""A(PD)""",ca_san_jose.zoning_districts:sha256:eae7823a22e72537d5738d473c6c8289e0e2af78e76be782ea5e432fdd5d04ba,cc_by_4_0_api_2026_08,high,2026-08-23 22:07:26.766016+00,
df7300b0-55e1-4321-aad4-c22ae6375090,7b56b48e-2478-4cf0-bfa1-f74abba06741,"""A(PD)""",ca_san_jose.zoning_districts:sha256:eae7823a22e72537d5738d473c6c8289e0e2af78e76be782ea5e432fdd5d04ba,cc_by_4_0_api_2026_08,high,2026-08-23 22:07:26.766016+00,
df8af481-8852-4fef-ae44-e4ee749ad20d,0c7a929a-98ff-4f81-90bc-bb67590ae77a,"""A(PD)""",ca_san_jose.zoning_districts:sha256:eae7823a22e72537d5738d473c6c8289e0e2af78e76be782ea5e432fdd5d04ba,cc_by_4_0_api_2026_08,high,2026-08-23 22:07:26.766016+00,
dfc12777-5b91-423e-80ad-6db3d398649f,7df8aeea-3c59-4f55-94a8-1aeb9647fc40,"""A(PD)""",ca_san_jose.zoning_districts:sha256:eae7823a22e72537d5738d473c6c8289e0e2af78e76be782ea5e432fdd5d04ba,cc_by_4_0_api_2026_08,high,2026-08-23 22:07:26.766016+00,
dfd89729-e1f2-4617-a6e1-acc0abb70d60,bf770f62-bbff-4c33-afe6-c30b079590fb,"""R-1-8""",ca_san_jose.zoning_districts:sha256:eae7823a22e72537d5738d473c6c8289e0e2af78e76be782ea5e432fdd5d04ba,cc_by_4_0_api_2026_08,high,2026-08-23 22:07:26.766016+00,
dff1c646-70f2-4eb0-b266-c94a98b5f95b,9a1e1615-958d-47bb-b8a4-bf22d46be0c2,"""R-1-8""",ca_san_jose.zoning_districts:sha256:eae7823a22e72537d5738d473c6c8289e0e2af78e76be782ea5e432fdd5d04ba,cc_by_4_0_api_2026_08,high,2026-08-23 22:07:26.766016+00,
e03e724c-ddbb-4d47-b8d7-01d83e4a74c7,6ab623eb-e515-443e-ab20-b8330f2e8ab5,"""A(PD)""",ca_san_jose.zoning_districts:sha256:eae7823a22e72537d5738d473c6c8289e0e2af78e76be782ea5e432fdd5d04ba,cc_by_4_0_api_2026_08,high,2026-08-23 22:07:26.766016+00,
e052a797-0425-483b-81f3-62e2db26511a,5c03f5d8-14b1-482a-aff0-a39b9a091cfb,"""A(PD)""",ca_san_jose.zoning_districts:sha256:eae7823a22e72537d5738d473c6c8289e0e2af78e76be782ea5e432fdd5d04ba,cc_by_4_0_api_2026_08,high,2026-08-23 22:07:26.766016+00,
e05946e2-5e05-4a1c-880c-896825f28c46,d432b318-160b-430c-92c8-fbe30787232c,"""PQP""",ca_san_jose.zoning_districts:sha256:eae7823a22e72537d5738d473c6c8289e0e2af78e76be782ea5e432fdd5d04ba,cc_by_4_0_api_2026_08,high,2026-08-23 22:07:26.766016+00,
e110af62-af11-4dc2-864b-74714fe050a8,6315b291-2477-43bc-a5f3-536812ce3769,"""R-1-8""",ca_san_jose.zoning_districts:sha256:eae7823a22e72537d5738d473c6c8289e0e2af78e76be782ea5e432fdd5d04ba,cc_by_4_0_api_2026_08,high,2026-08-23 22:07:26.766016+00,
e116425a-2006-40c1-b404-f81403233c78,e66baa1d-5733-4996-86a4-b4b2bcff1903,"""R-M(PD)""",ca_san_jose.zoning_districts:sha256:eae7823a22e72537d5738d473c6c8289e0e2af78e76be782ea5e432fdd5d04ba,cc_by_4_0_api_2026_08,high,2026-08-23 22:07:26.766016+00,
e11d625c-5911-4421-8a7e-dee9910b6d56,35b289fa-5db2-449b-ad50-4252a2fbabc9,"""A(PD)""",ca_san_jose.zoning_districts:sha256:eae7823a22e72537d5738d473c6c8289e0e2af78e76be782ea5e432fdd5d04ba,cc_by_4_0_api_2026_08,high,2026-08-23 22:07:26.766016+00,
e16ad65d-20ad-42e3-859a-e460eecdb727,e748fca6-39ee-4512-bf62-2efe445114ab,"""A(PD)""",ca_san_jose.zoning_districts:sha256:eae7823a22e72537d5738d473c6c8289e0e2af78e76be782ea5e432fdd5d04ba,cc_by_4_0_api_2026_08,high,2026-08-23 22:07:26.766016+00,
e16f0f06-9966-4f2c-bdd3-2985db9c7176,3c64c7be-9f9a-4117-b47e-1fcd86f5c3c6,"""R-M(CL)""",ca_san_jose.zoning_districts:sha256:eae7823a22e72537d5738d473c6c8289e0e2af78e76be782ea5e432fdd5d04ba,cc_by_4_0_api_2026_08,high,2026-08-23 22:07:26.766016+00,
e1df55e3-cf25-43e7-b246-557534f479c4,9b2907ae-7721-448a-bcdf-67630813fd41,"""A(PD)""",ca_san_jose.zoning_districts:sha256:eae7823a22e72537d5738d473c6c8289e0e2af78e76be782ea5e432fdd5d04ba,cc_by_4_0_api_2026_08,high,2026-08-23 22:07:26.766016+00,
e2477190-bb53-4cd1-b0c3-df5715bfe5bf,a6a54f4e-8db8-4a00-8a96-6882a9452a83,"""R-1-5(PD)""",ca_san_jose.zoning_districts:sha256:eae7823a22e72537d5738d473c6c8289e0e2af78e76be782ea5e432fdd5d04ba,cc_by_4_0_api_2026_08,high,2026-08-23 22:07:26.766016+00,
e24c014b-fd42-4027-b5bc-574897955e3c,a3770cc2-5deb-4947-8898-5f921b886663,"""IP""",ca_san_jose.zoning_districts:sha256:eae7823a22e72537d5738d473c6c8289e0e2af78e76be782ea5e432fdd5d04ba,cc_by_4_0_api_2026_08,high,2026-08-23 22:07:26.766016+00,
e2866e28-7d39-4b69-b094-db1956ccbecc,9ae6051b-ed97-4295-b0e0-ad42452231f7,"""A(PD)""",ca_san_jose.zoning_districts:sha256:eae7823a22e72537d5738d473c6c8289e0e2af78e76be782ea5e432fdd5d04ba,cc_by_4_0_api_2026_08,high,2026-08-23 22:07:26.766016+00,
e298a29a-3d84-4dd1-b898-5c16c1089581,f67fd0a7-1547-4989-8fc2-72c9d5d48ca0,"""A(PD)""",ca_san_jose.zoning_districts:sha256:eae7823a22e72537d5738d473c6c8289e0e2af78e76be782ea5e432fdd5d04ba,cc_by_4_0_api_2026_08,high,2026-08-23 22:07:26.766016+00,
e2c9d5d1-15c2-45ff-ac27-499c8ebe6f0f,17ec10da-1758-4417-85f7-d702e1b2019b,"""A(PD)""",ca_san_jose.zoning_districts:sha256:eae7823a22e72537d5738d473c6c8289e0e2af78e76be782ea5e432fdd5d04ba,cc_by_4_0_api_2026_08,high,2026-08-23 22:07:26.766016+00,
e30d67fa-c284-4c9a-9107-e819d448b522,0dd08370-a7cc-4ce0-a928-3b853f7e8c16,"""A""",ca_san_jose.zoning_districts:sha256:eae7823a22e72537d5738d473c6c8289e0e2af78e76be782ea5e432fdd5d04ba,cc_by_4_0_api_2026_08,high,2026-08-23 22:07:26.766016+00,
e3f46777-f22b-4ae0-ab1c-3c99c5af5578,2425cbda-73aa-4421-933b-914368d41f79,"""A(PD)""",ca_san_jose.zoning_districts:sha256:eae7823a22e72537d5738d473c6c8289e0e2af78e76be782ea5e432fdd5d04ba,cc_by_4_0_api_2026_08,high,2026-08-23 22:07:26.766016+00,
e429920f-ab65-419a-a6d9-f363185ffc77,f7f6fdd7-e263-49df-8951-d89f2067ed64,"""A""",ca_san_jose.zoning_districts:sha256:eae7823a22e72537d5738d473c6c8289e0e2af78e76be782ea5e432fdd5d04ba,cc_by_4_0_api_2026_08,high,2026-08-23 22:07:26.766016+00,
e48cd334-bcee-4e33-bab9-f43e83eb9758,60a41e42-faf4-4ad2-b73a-f7acc765b8ff,"""LI""",ca_san_jose.zoning_districts:sha256:eae7823a22e72537d5738d473c6c8289e0e2af78e76be782ea5e432fdd5d04ba,cc_by_4_0_api_2026_08,high,2026-08-23 22:07:26.766016+00,
e4d3139f-5002-41c5-bba9-a2aa413454f5,07963a14-6948-4a2d-b9d1-96728f25b138,"""A(PD)""",ca_san_jose.zoning_districts:sha256:eae7823a22e72537d5738d473c6c8289e0e2af78e76be782ea5e432fdd5d04ba,cc_by_4_0_api_2026_08,high,2026-08-23 22:07:26.766016+00,
e4f83df2-ec5d-451c-a305-46c258bbfeb8,0eb6d5ea-a304-4c22-8218-538bdfe5d7c3,"""A(PD)""",ca_san_jose.zoning_districts:sha256:eae7823a22e72537d5738d473c6c8289e0e2af78e76be782ea5e432fdd5d04ba,cc_by_4_0_api_2026_08,high,2026-08-23 22:07:26.766016+00,
e541a9ce-84c3-4a53-9025-be2772539f16,2af60222-d22e-400b-ba8a-266ad73b969a,"""A(PD)""",ca_san_jose.zoning_districts:sha256:eae7823a22e72537d5738d473c6c8289e0e2af78e76be782ea5e432fdd5d04ba,cc_by_4_0_api_2026_08,high,2026-08-23 22:07:26.766016+00,
e5ad4896-f5fa-48dc-be47-2ead4dda5ad6,0dd59c2d-885d-4fc4-87c4-0d07579979f4,"""A(PD)""",ca_san_jose.zoning_districts:sha256:eae7823a22e72537d5738d473c6c8289e0e2af78e76be782ea5e432fdd5d04ba,cc_by_4_0_api_2026_08,high,2026-08-23 22:07:26.766016+00,
e5ca0abb-7333-4445-8b10-4e38a46efec8,e8eb5bf9-ae2e-4236-bcd2-895b1bbd9696,"""A(PD)""",ca_san_jose.zoning_districts:sha256:eae7823a22e72537d5738d473c6c8289e0e2af78e76be782ea5e432fdd5d04ba,cc_by_4_0_api_2026_08,high,2026-08-23 22:07:26.766016+00,
e635d500-3021-4a25-b0a9-c7551e6cbfd4,436a4ac5-4654-4b6b-8bbd-c8e5519026e3,"""R-1-8""",ca_san_jose.zoning_districts:sha256:eae7823a22e72537d5738d473c6c8289e0e2af78e76be782ea5e432fdd5d04ba,cc_by_4_0_api_2026_08,high,2026-08-23 22:07:26.766016+00,
e68b8b37-4860-4d15-94b4-6af88876a9f2,6a5709a0-78c6-4131-a45e-9c30d87822c8,"""IP""",ca_san_jose.zoning_districts:sha256:eae7823a22e72537d5738d473c6c8289e0e2af78e76be782ea5e432fdd5d04ba,cc_by_4_0_api_2026_08,high,2026-08-23 22:07:26.766016+00,
e6f2f002-213f-46f4-94d6-e0f7ed653109,1210c5a7-1833-43cf-babf-a8a65167c442,"""A(PD)""",ca_san_jose.zoning_districts:sha256:eae7823a22e72537d5738d473c6c8289e0e2af78e76be782ea5e432fdd5d04ba,cc_by_4_0_api_2026_08,high,2026-08-23 22:07:26.766016+00,
e6f5c718-4a75-46f6-8a58-44382a3e7727,a1055419-90da-4947-b052-4908ec51d1d3,"""A(PD)""",ca_san_jose.zoning_districts:sha256:eae7823a22e72537d5738d473c6c8289e0e2af78e76be782ea5e432fdd5d04ba,cc_by_4_0_api_2026_08,high,2026-08-23 22:07:26.766016+00,
e6fa193f-6d79-4275-935d-5035c59d389b,aa748301-abdc-4066-a40a-1d5a6d53f9ee,"""A(PD)""",ca_san_jose.zoning_districts:sha256:eae7823a22e72537d5738d473c6c8289e0e2af78e76be782ea5e432fdd5d04ba,cc_by_4_0_api_2026_08,high,2026-08-23 22:07:26.766016+00,
e84740a0-4958-4abf-a06f-d8f15cb3d62c,efa0c31c-72b9-4b42-a6ca-a595816dc09f,"""A(PD)""",ca_san_jose.zoning_districts:sha256:eae7823a22e72537d5738d473c6c8289e0e2af78e76be782ea5e432fdd5d04ba,cc_by_4_0_api_2026_08,high,2026-08-23 22:07:26.766016+00,
e8b377fb-44e8-4924-8698-0c6450cc3d81,a7f3a224-169c-4cce-b3c5-beb5d1adfae6,"""A(PD)""",ca_san_jose.zoning_districts:sha256:eae7823a22e72537d5738d473c6c8289e0e2af78e76be782ea5e432fdd5d04ba,cc_by_4_0_api_2026_08,high,2026-08-23 22:07:26.766016+00,
e8bf143f-3a01-4381-b93a-695d2153105b,4cbe1ecb-8911-4011-b879-3b74516a1271,"""TR""",ca_san_jose.zoning_districts:sha256:eae7823a22e72537d5738d473c6c8289e0e2af78e76be782ea5e432fdd5d04ba,cc_by_4_0_api_2026_08,high,2026-08-23 22:07:26.766016+00,
e8c05bfb-51c7-45dd-9671-f72c3c86c0ae,d66036ca-4977-4cb1-8702-a4c67dec4df7,"""A(PD)""",ca_san_jose.zoning_districts:sha256:eae7823a22e72537d5738d473c6c8289e0e2af78e76be782ea5e432fdd5d04ba,cc_by_4_0_api_2026_08,high,2026-08-23 22:07:26.766016+00,
e9a56495-0ee4-4b4f-b1b5-afe2e1682fa3,cd723aa6-ed87-445a-8d94-725d0088c177,"""A(PD)""",ca_san_jose.zoning_districts:sha256:eae7823a22e72537d5738d473c6c8289e0e2af78e76be782ea5e432fdd5d04ba,cc_by_4_0_api_2026_08,high,2026-08-23 22:07:26.766016+00,
e9ac30ce-11cf-43f2-8f42-841f1670a89f,f62db773-45dd-4a05-937a-39448092eca7,"""R-1-8""",ca_san_jose.zoning_districts:sha256:eae7823a22e72537d5738d473c6c8289e0e2af78e76be782ea5e432fdd5d04ba,cc_by_4_0_api_2026_08,high,2026-08-23 22:07:26.766016+00,
ea0e0a90-a2e4-4c6e-b760-efd81099082d,4b92b300-17b8-467b-91f5-5d6a22c418c6,"""A""",ca_san_jose.zoning_districts:sha256:eae7823a22e72537d5738d473c6c8289e0e2af78e76be782ea5e432fdd5d04ba,cc_by_4_0_api_2026_08,high,2026-08-23 22:07:26.766016+00,
ea82bc20-500c-4323-9120-0dc018dfd541,ece629de-b34f-4a0b-9899-2bad674c1ea9,"""A(PD)""",ca_san_jose.zoning_districts:sha256:eae7823a22e72537d5738d473c6c8289e0e2af78e76be782ea5e432fdd5d04ba,cc_by_4_0_api_2026_08,high,2026-08-23 22:07:26.766016+00,
eac79ac8-6978-471d-977f-53fceceb4bfb,29fb6d0d-f193-4244-80f8-7a0b7f81189a,"""A(PD)""",ca_san_jose.zoning_districts:sha256:eae7823a22e72537d5738d473c6c8289e0e2af78e76be782ea5e432fdd5d04ba,cc_by_4_0_api_2026_08,high,2026-08-23 22:07:26.766016+00,
eb0b1263-418f-49f6-abe2-4b4ff9ceaa44,03a1a7c0-44f2-4665-ac18-eb7cfa8287be,"""R-1-8""",ca_san_jose.zoning_districts:sha256:eae7823a22e72537d5738d473c6c8289e0e2af78e76be782ea5e432fdd5d04ba,cc_by_4_0_api_2026_08,high,2026-08-23 22:07:26.766016+00,
eb1d67a7-7137-4521-92bb-3c77a7723c75,b790e82c-0f9c-46a4-80a8-4031c7f6391e,"""A(PD)""",ca_san_jose.zoning_districts:sha256:eae7823a22e72537d5738d473c6c8289e0e2af78e76be782ea5e432fdd5d04ba,cc_by_4_0_api_2026_08,high,2026-08-23 22:07:26.766016+00,
ebb28304-7812-4ca3-8615-bf017c26a00c,c8d1c1b4-3a4c-442c-a8a1-f7cb05db97d0,"""A(PD)""",ca_san_jose.zoning_districts:sha256:eae7823a22e72537d5738d473c6c8289e0e2af78e76be782ea5e432fdd5d04ba,cc_by_4_0_api_2026_08,high,2026-08-23 22:07:26.766016+00,
ebfc34f8-2c8e-4ec3-8a50-879313a8551d,d75eea5e-cd42-424c-9c4d-3617f6a4e92e,"""A(PD)""",ca_san_jose.zoning_districts:sha256:eae7823a22e72537d5738d473c6c8289e0e2af78e76be782ea5e432fdd5d04ba,cc_by_4_0_api_2026_08,high,2026-08-23 22:07:26.766016+00,
ec45f216-f414-4209-8f26-6c551e9d84f4,030d2d34-ed33-482c-b3ac-aa4cf213cd5f,"""IP(PD)""",ca_san_jose.zoning_districts:sha256:eae7823a22e72537d5738d473c6c8289e0e2af78e76be782ea5e432fdd5d04ba,cc_by_4_0_api_2026_08,high,2026-08-23 22:07:26.766016+00,
ec6450b7-2223-4460-b23c-f0a8bb81a24a,ef00cd6c-3dce-4171-8c50-4b2eea83b0d2,"""A(PD)""",ca_san_jose.zoning_districts:sha256:eae7823a22e72537d5738d473c6c8289e0e2af78e76be782ea5e432fdd5d04ba,cc_by_4_0_api_2026_08,high,2026-08-23 22:07:26.766016+00,
ec74a409-32dd-4478-835a-1dc42dad45a8,0de4d33c-982a-42e2-991c-42d4cedb76b3,"""A(PD)""",ca_san_jose.zoning_districts:sha256:eae7823a22e72537d5738d473c6c8289e0e2af78e76be782ea5e432fdd5d04ba,cc_by_4_0_api_2026_08,high,2026-08-23 22:07:26.766016+00,
ec82e36b-3adc-4c7b-a04d-54b704b88edc,99a25d59-8ee3-45ef-89a4-3660e9f81cd4,"""A(PD)""",ca_san_jose.zoning_districts:sha256:eae7823a22e72537d5738d473c6c8289e0e2af78e76be782ea5e432fdd5d04ba,cc_by_4_0_api_2026_08,high,2026-08-23 22:07:26.766016+00,
ec8f9609-67e1-4429-bd45-27ccde7d2000,97841960-3588-401e-b47a-c55b879c85cd,"""PQP""",ca_san_jose.zoning_districts:sha256:eae7823a22e72537d5738d473c6c8289e0e2af78e76be782ea5e432fdd5d04ba,cc_by_4_0_api_2026_08,high,2026-08-23 22:07:26.766016+00,
ece69a3c-adcb-4ab2-b360-d4bfc9415fed,7dabe4fb-e246-4c64-bb06-f6bf12c21058,"""A(PD)""",ca_san_jose.zoning_districts:sha256:eae7823a22e72537d5738d473c6c8289e0e2af78e76be782ea5e432fdd5d04ba,cc_by_4_0_api_2026_08,high,2026-08-23 22:07:26.766016+00,
ed5a619a-e3fc-4102-8f0f-05874e0dda2e,3c35eaa5-0440-4216-af00-54d4faf1a9da,"""A(PD)""",ca_san_jose.zoning_districts:sha256:eae7823a22e72537d5738d473c6c8289e0e2af78e76be782ea5e432fdd5d04ba,cc_by_4_0_api_2026_08,high,2026-08-23 22:07:26.766016+00,
eda19576-a39c-4b3b-af07-64757899e7ba,6044f615-fe92-4acd-a75b-0d555cf911a0,"""A(PD)""",ca_san_jose.zoning_districts:sha256:eae7823a22e72537d5738d473c6c8289e0e2af78e76be782ea5e432fdd5d04ba,cc_by_4_0_api_2026_08,high,2026-08-23 22:07:26.766016+00,
ee2cb8ff-4e98-43f9-83cb-cbe7fcac8bfe,f42bb216-b0c5-4174-8f6e-37a2af6d442e,"""A(PD)""",ca_san_jose.zoning_districts:sha256:eae7823a22e72537d5738d473c6c8289e0e2af78e76be782ea5e432fdd5d04ba,cc_by_4_0_api_2026_08,high,2026-08-23 22:07:26.766016+00,
ee49ecbd-6c56-43f7-8cc2-530c0b9fb584,f8e41676-8ca0-4a1a-a2c4-11dc9d6d9182,"""A(PD)""",ca_san_jose.zoning_districts:sha256:eae7823a22e72537d5738d473c6c8289e0e2af78e76be782ea5e432fdd5d04ba,cc_by_4_0_api_2026_08,high,2026-08-23 22:07:26.766016+00,
ee6f4239-40e0-4f5c-8299-98307c1ee33b,fd18763d-38d6-48ba-9105-b21066dded42,"""IP(PD)""",ca_san_jose.zoning_districts:sha256:eae7823a22e72537d5738d473c6c8289e0e2af78e76be782ea5e432fdd5d04ba,cc_by_4_0_api_2026_08,high,2026-08-23 22:07:26.766016+00,
eebe549a-5a79-40ce-8ffc-92ab186d1f86,f5b714a4-65c8-4787-b601-b109b35088ef,"""R-1-8""",ca_san_jose.zoning_districts:sha256:eae7823a22e72537d5738d473c6c8289e0e2af78e76be782ea5e432fdd5d04ba,cc_by_4_0_api_2026_08,high,2026-08-23 22:07:26.766016+00,
eeeec7b4-2930-44af-b6e0-4e8892bc71a7,3b0103b4-6c75-48b5-a499-7cb30a3ec16e,"""OS""",ca_san_jose.zoning_districts:sha256:eae7823a22e72537d5738d473c6c8289e0e2af78e76be782ea5e432fdd5d04ba,cc_by_4_0_api_2026_08,high,2026-08-23 22:07:26.766016+00,
ef0af20b-1dbc-48a6-b02d-4cb5d719537d,3af0a67f-64e8-49c7-b53b-92f99ef246b8,"""A(PD)""",ca_san_jose.zoning_districts:sha256:eae7823a22e72537d5738d473c6c8289e0e2af78e76be782ea5e432fdd5d04ba,cc_by_4_0_api_2026_08,high,2026-08-23 22:07:26.766016+00,
ef34a118-76e7-4a3a-abc0-0cdab6e9ba69,80297217-4455-46b7-954d-f41fdddca72b,"""IP(PD)""",ca_san_jose.zoning_districts:sha256:eae7823a22e72537d5738d473c6c8289e0e2af78e76be782ea5e432fdd5d04ba,cc_by_4_0_api_2026_08,high,2026-08-23 22:07:26.766016+00,
ef38c7cf-39b8-4585-afef-99d15ac05120,acd771d9-a559-4d81-8bea-7955e689e28f,"""A(PD)""",ca_san_jose.zoning_districts:sha256:eae7823a22e72537d5738d473c6c8289e0e2af78e76be782ea5e432fdd5d04ba,cc_by_4_0_api_2026_08,high,2026-08-23 22:07:26.766016+00,
efd6755b-c053-4770-83ad-57f906f7d23c,db40e520-3dff-4915-8e55-4ce090fd1f75,"""A(PD)""",ca_san_jose.zoning_districts:sha256:eae7823a22e72537d5738d473c6c8289e0e2af78e76be782ea5e432fdd5d04ba,cc_by_4_0_api_2026_08,high,2026-08-23 22:07:26.766016+00,
f0622c15-86ed-476f-bc13-c67c6e34ca1f,69f93d84-5877-4af4-a8d7-8d8e3e8caaca,"""A(PD)""",ca_san_jose.zoning_districts:sha256:eae7823a22e72537d5738d473c6c8289e0e2af78e76be782ea5e432fdd5d04ba,cc_by_4_0_api_2026_08,high,2026-08-23 22:07:26.766016+00,
f10ef55c-a203-41b6-81b3-a3ce0893c524,ec989fc9-8743-46ec-8bbd-2dc16095633c,"""A(PD)""",ca_san_jose.zoning_districts:sha256:eae7823a22e72537d5738d473c6c8289e0e2af78e76be782ea5e432fdd5d04ba,cc_by_4_0_api_2026_08,high,2026-08-23 22:07:26.766016+00,
f13fc4f9-2ec2-46f5-89e1-fafd0d26570a,58c45eca-e15d-465a-bdb4-ca604a0d403a,"""A(PD)""",ca_san_jose.zoning_districts:sha256:eae7823a22e72537d5738d473c6c8289e0e2af78e76be782ea5e432fdd5d04ba,cc_by_4_0_api_2026_08,high,2026-08-23 22:07:26.766016+00,
f1ac4fe2-7588-4b54-8eb7-f9f2536eb230,45cbc8db-b67b-4786-9b2f-712ef5b5f6e8,"""R-M(PD)""",ca_san_jose.zoning_districts:sha256:eae7823a22e72537d5738d473c6c8289e0e2af78e76be782ea5e432fdd5d04ba,cc_by_4_0_api_2026_08,high,2026-08-23 22:07:26.766016+00,
f1b4b174-e284-47a9-a1ff-37499501559d,3c040008-4ba2-4696-b2b8-6dd6a70bdd6e,"""A(PD)""",ca_san_jose.zoning_districts:sha256:eae7823a22e72537d5738d473c6c8289e0e2af78e76be782ea5e432fdd5d04ba,cc_by_4_0_api_2026_08,high,2026-08-23 22:07:26.766016+00,
f20cc2da-d1b0-4611-978a-646f1f0afd5b,29071010-5896-4d31-9b7b-420bedf76466,"""UV""",ca_san_jose.zoning_districts:sha256:eae7823a22e72537d5738d473c6c8289e0e2af78e76be782ea5e432fdd5d04ba,cc_by_4_0_api_2026_08,high,2026-08-23 22:07:26.766016+00,
f25da048-0eee-444d-82e8-2a3807102947,28c02af2-a46e-4354-a4ef-fbce625d8569,"""A(PD)""",ca_san_jose.zoning_districts:sha256:eae7823a22e72537d5738d473c6c8289e0e2af78e76be782ea5e432fdd5d04ba,cc_by_4_0_api_2026_08,high,2026-08-23 22:07:26.766016+00,
f3a16d4b-7a4f-43da-b773-f380290569cd,1b7e9c38-5f0a-40e8-82f7-da6bfbed19cd,"""A(PD)""",ca_san_jose.zoning_districts:sha256:eae7823a22e72537d5738d473c6c8289e0e2af78e76be782ea5e432fdd5d04ba,cc_by_4_0_api_2026_08,high,2026-08-23 22:07:26.766016+00,
f42f605a-fbcd-471a-84cb-313cf07a8bc8,cbb120c7-9ee7-4fcf-81c4-e58813b404ed,"""R-1-1(PD)""",ca_san_jose.zoning_districts:sha256:eae7823a22e72537d5738d473c6c8289e0e2af78e76be782ea5e432fdd5d04ba,cc_by_4_0_api_2026_08,high,2026-08-23 22:07:26.766016+00,
f44c5e2e-982a-43ec-91dc-b0ec473c6a8d,635188fa-4ad7-4821-8f36-91229418d263,"""A(PD)""",ca_san_jose.zoning_districts:sha256:eae7823a22e72537d5738d473c6c8289e0e2af78e76be782ea5e432fdd5d04ba,cc_by_4_0_api_2026_08,high,2026-08-23 22:07:26.766016+00,
f473ec32-3008-45f9-844c-ded1d80462a8,fac29f54-73ef-4289-9492-dd8417a119b1,"""A""",ca_san_jose.zoning_districts:sha256:eae7823a22e72537d5738d473c6c8289e0e2af78e76be782ea5e432fdd5d04ba,cc_by_4_0_api_2026_08,high,2026-08-23 22:07:26.766016+00,
f4a85fad-ddb0-4631-ac8a-ccfabaec95eb,a035faa9-e0fa-4523-9dd8-80448155da46,"""A(PD)""",ca_san_jose.zoning_districts:sha256:eae7823a22e72537d5738d473c6c8289e0e2af78e76be782ea5e432fdd5d04ba,cc_by_4_0_api_2026_08,high,2026-08-23 22:07:26.766016+00,
f4dda31a-6b48-469f-90e0-fa8be3efe404,228fbeca-112b-4e41-b104-604c2ea07994,"""A(PD)""",ca_san_jose.zoning_districts:sha256:eae7823a22e72537d5738d473c6c8289e0e2af78e76be782ea5e432fdd5d04ba,cc_by_4_0_api_2026_08,high,2026-08-23 22:07:26.766016+00,
f55a9cb1-c788-4699-8334-bcb884c793ce,81739901-11f1-4772-be2d-849025c005f8,"""A(PD)""",ca_san_jose.zoning_districts:sha256:eae7823a22e72537d5738d473c6c8289e0e2af78e76be782ea5e432fdd5d04ba,cc_by_4_0_api_2026_08,high,2026-08-23 22:07:26.766016+00,
f5608cea-1def-421c-8f97-96523c452d34,eec33bc1-ef54-485e-9847-2c34a4bd3357,"""A(PD)""",ca_san_jose.zoning_districts:sha256:eae7823a22e72537d5738d473c6c8289e0e2af78e76be782ea5e432fdd5d04ba,cc_by_4_0_api_2026_08,high,2026-08-23 22:07:26.766016+00,
f56ad565-6aee-4983-be7d-f77214b0e5aa,11304aa5-bd90-4e79-955b-471593b2ce58,"""A(PD)""",ca_san_jose.zoning_districts:sha256:eae7823a22e72537d5738d473c6c8289e0e2af78e76be782ea5e432fdd5d04ba,cc_by_4_0_api_2026_08,high,2026-08-23 22:07:26.766016+00,
f5757cba-99d3-443d-82e1-6c4969cd1c4b,734f4355-c1a6-49f4-b033-9220b024d60d,"""HI""",ca_san_jose.zoning_districts:sha256:eae7823a22e72537d5738d473c6c8289e0e2af78e76be782ea5e432fdd5d04ba,cc_by_4_0_api_2026_08,high,2026-08-23 22:07:26.766016+00,
f5a38150-b501-469d-8d83-5c9ac7348ce9,7bdfb1aa-08b4-448f-ab4d-2f887d60a4e7,"""A(PD)""",ca_san_jose.zoning_districts:sha256:eae7823a22e72537d5738d473c6c8289e0e2af78e76be782ea5e432fdd5d04ba,cc_by_4_0_api_2026_08,high,2026-08-23 22:07:26.766016+00,
f5e11045-041b-4cb5-a125-6ef08fe061e1,92ab1c78-c127-44a8-ae2d-cb313a4af445,"""A(PD)""",ca_san_jose.zoning_districts:sha256:eae7823a22e72537d5738d473c6c8289e0e2af78e76be782ea5e432fdd5d04ba,cc_by_4_0_api_2026_08,high,2026-08-23 22:07:26.766016+00,
f6a78d3d-9cf8-4d3f-a59f-dee6ec08e544,84bd1174-9b5a-4cfc-bb8d-dea8bca82ba6,"""A(PD)""",ca_san_jose.zoning_districts:sha256:eae7823a22e72537d5738d473c6c8289e0e2af78e76be782ea5e432fdd5d04ba,cc_by_4_0_api_2026_08,high,2026-08-23 22:07:26.766016+00,
f6cd3398-bf28-4b2a-9925-965a52cd502a,cbad0809-229f-4e56-a34a-61f87e6f0551,"""A(PD)""",ca_san_jose.zoning_districts:sha256:eae7823a22e72537d5738d473c6c8289e0e2af78e76be782ea5e432fdd5d04ba,cc_by_4_0_api_2026_08,high,2026-08-23 22:07:26.766016+00,
f6e482f3-c43d-4e6c-935c-cb469b1e05a7,4a419bc4-f514-49cc-9c58-4febb191711d,"""A(PD)""",ca_san_jose.zoning_districts:sha256:eae7823a22e72537d5738d473c6c8289e0e2af78e76be782ea5e432fdd5d04ba,cc_by_4_0_api_2026_08,high,2026-08-23 22:07:26.766016+00,
f6ef4120-11ed-4c66-b52f-c8ed6fd0263e,c2f1a3c7-185e-40a3-8f2e-6c2825444fa3,"""A(PD)""",ca_san_jose.zoning_districts:sha256:eae7823a22e72537d5738d473c6c8289e0e2af78e76be782ea5e432fdd5d04ba,cc_by_4_0_api_2026_08,high,2026-08-23 22:07:26.766016+00,
f778ae78-930f-4d9f-bc58-72bc781e07a5,d76bba8a-7d04-4796-8479-0e51da994e5e,"""IP(PD)""",ca_san_jose.zoning_districts:sha256:eae7823a22e72537d5738d473c6c8289e0e2af78e76be782ea5e432fdd5d04ba,cc_by_4_0_api_2026_08,high,2026-08-23 22:07:26.766016+00,
f7b2423e-801a-4eeb-836d-bfe73d1c029c,9ed6c941-df4d-4a44-818a-46e1ab31e1b6,"""A(PD)""",ca_san_jose.zoning_districts:sha256:eae7823a22e72537d5738d473c6c8289e0e2af78e76be782ea5e432fdd5d04ba,cc_by_4_0_api_2026_08,high,2026-08-23 22:07:26.766016+00,
f7ca550d-a35a-4f13-99f3-238b43a7f693,ce395185-e123-4153-9bfa-1ec76d6e3839,"""A(PD)""",ca_san_jose.zoning_districts:sha256:eae7823a22e72537d5738d473c6c8289e0e2af78e76be782ea5e432fdd5d04ba,cc_by_4_0_api_2026_08,high,2026-08-23 22:07:26.766016+00,
f7e8e39f-07fc-4046-8de9-94fa26e4ad7d,f55c4c79-6b2a-4171-91b5-70989c634530,"""A(PD)""",ca_san_jose.zoning_districts:sha256:eae7823a22e72537d5738d473c6c8289e0e2af78e76be782ea5e432fdd5d04ba,cc_by_4_0_api_2026_08,high,2026-08-23 22:07:26.766016+00,
f8478abb-7c7e-4634-b97f-94803ee45e3a,04bbdfda-e130-401b-9c24-7f4deea0534d,"""A(PD)""",ca_san_jose.zoning_districts:sha256:eae7823a22e72537d5738d473c6c8289e0e2af78e76be782ea5e432fdd5d04ba,cc_by_4_0_api_2026_08,high,2026-08-23 22:07:26.766016+00,
f8e4b33d-71f5-4340-a353-f02d05c504e0,f8056e59-7fc6-4ff2-8a79-7b2c7930ef0a,"""A(PD)""",ca_san_jose.zoning_districts:sha256:eae7823a22e72537d5738d473c6c8289e0e2af78e76be782ea5e432fdd5d04ba,cc_by_4_0_api_2026_08,high,2026-08-23 22:07:26.766016+00,
f91fd25e-b2dd-4a06-9727-c6e4198e1ac2,8304b223-517b-44b2-a225-bfbc352c9c60,"""A(PD)""",ca_san_jose.zoning_districts:sha256:eae7823a22e72537d5738d473c6c8289e0e2af78e76be782ea5e432fdd5d04ba,cc_by_4_0_api_2026_08,high,2026-08-23 22:07:26.766016+00,
f9ae5f68-ae4b-4492-817b-b00644c7fdc0,56270c82-2f5d-4f4b-beed-09912a64a48f,"""A(PD)""",ca_san_jose.zoning_districts:sha256:eae7823a22e72537d5738d473c6c8289e0e2af78e76be782ea5e432fdd5d04ba,cc_by_4_0_api_2026_08,high,2026-08-23 22:07:26.766016+00,
fa64d842-3fc9-4e20-b56a-0c3b600917fb,292c148f-3ea6-44fc-8b76-71611689e490,"""PQP""",ca_san_jose.zoning_districts:sha256:eae7823a22e72537d5738d473c6c8289e0e2af78e76be782ea5e432fdd5d04ba,cc_by_4_0_api_2026_08,high,2026-08-23 22:07:26.766016+00,
fa9d1c41-9530-470e-9b8f-aa80d8cab16a,21e7c719-228c-4895-ba24-0b10592726f8,"""A(PD)""",ca_san_jose.zoning_districts:sha256:eae7823a22e72537d5738d473c6c8289e0e2af78e76be782ea5e432fdd5d04ba,cc_by_4_0_api_2026_08,high,2026-08-23 22:07:26.766016+00,
fb07266a-4147-4de2-a62e-382f4bb2a715,92db7681-ac36-4949-8d01-468e4fc8df22,"""A(PD)""",ca_san_jose.zoning_districts:sha256:eae7823a22e72537d5738d473c6c8289e0e2af78e76be782ea5e432fdd5d04ba,cc_by_4_0_api_2026_08,high,2026-08-23 22:07:26.766016+00,
fb1e6c2c-87bb-493b-8433-50499fe5e19c,5426870b-d001-4550-be2f-cfd9e4885b69,"""IP""",ca_san_jose.zoning_districts:sha256:eae7823a22e72537d5738d473c6c8289e0e2af78e76be782ea5e432fdd5d04ba,cc_by_4_0_api_2026_08,high,2026-08-23 22:07:26.766016+00,
fb1edd80-1034-4813-9784-107919b722f4,19a5772d-fb76-480e-bff3-f897c0fa602d,"""A""",ca_san_jose.zoning_districts:sha256:eae7823a22e72537d5738d473c6c8289e0e2af78e76be782ea5e432fdd5d04ba,cc_by_4_0_api_2026_08,high,2026-08-23 22:07:26.766016+00,
fbbb4fb5-0535-4c94-941d-43ba7aa322b6,ac660e1c-a558-4764-8751-146155153959,"""A(PD)""",ca_san_jose.zoning_districts:sha256:eae7823a22e72537d5738d473c6c8289e0e2af78e76be782ea5e432fdd5d04ba,cc_by_4_0_api_2026_08,high,2026-08-23 22:07:26.766016+00,
fbcc73f0-1b7a-4676-abf2-658263166951,9a27a282-117b-4c49-9a6e-a87c4d1eb0fc,"""A(PD)""",ca_san_jose.zoning_districts:sha256:eae7823a22e72537d5738d473c6c8289e0e2af78e76be782ea5e432fdd5d04ba,cc_by_4_0_api_2026_08,high,2026-08-23 22:07:26.766016+00,
fc84e8c7-920d-4d9e-a72b-fe82d75ac3d7,4fc4ca35-56d5-4784-9ebb-5eede351a067,"""A(PD)""",ca_san_jose.zoning_districts:sha256:eae7823a22e72537d5738d473c6c8289e0e2af78e76be782ea5e432fdd5d04ba,cc_by_4_0_api_2026_08,high,2026-08-23 22:07:26.766016+00,
fcd3c03b-2f01-4af3-8e5c-cb0b29a4428a,39e29bf8-1c78-4be5-a794-6001c23a62a0,"""OS""",ca_san_jose.zoning_districts:sha256:eae7823a22e72537d5738d473c6c8289e0e2af78e76be782ea5e432fdd5d04ba,cc_by_4_0_api_2026_08,high,2026-08-23 22:07:26.766016+00,
fd21ebf9-cf6f-415c-b17b-a4cdb62ede83,935da2ad-14ba-4ee9-a958-f9fdb8274e8e,"""A""",ca_san_jose.zoning_districts:sha256:eae7823a22e72537d5738d473c6c8289e0e2af78e76be782ea5e432fdd5d04ba,cc_by_4_0_api_2026_08,high,2026-08-23 22:07:26.766016+00,
fd4d51d8-2fab-4670-8caa-3a054f68462f,84b701c1-4da5-4966-8ac0-bf50a2bdb4d5,"""A(PD)""",ca_san_jose.zoning_districts:sha256:eae7823a22e72537d5738d473c6c8289e0e2af78e76be782ea5e432fdd5d04ba,cc_by_4_0_api_2026_08,high,2026-08-23 22:07:26.766016+00,
fd68d656-5f02-4f60-aeb7-93dcafc16766,c948a197-52fd-41ff-afc1-7e9bc2c45402,"""CP(PD)""",ca_san_jose.zoning_districts:sha256:eae7823a22e72537d5738d473c6c8289e0e2af78e76be782ea5e432fdd5d04ba,cc_by_4_0_api_2026_08,high,2026-08-23 22:07:26.766016+00,
fd965304-12fc-4b48-aaac-6a5ff4c59251,8b6381e5-3d04-4c19-aef5-9986e36a12a5,"""R-M(PD)""",ca_san_jose.zoning_districts:sha256:eae7823a22e72537d5738d473c6c8289e0e2af78e76be782ea5e432fdd5d04ba,cc_by_4_0_api_2026_08,high,2026-08-23 22:07:26.766016+00,
fda7f43a-7027-4c94-845f-1c3530f8a453,ef153dc4-63a1-4f6a-a89a-8b7ed25d1974,"""R-M(PD)""",ca_san_jose.zoning_districts:sha256:eae7823a22e72537d5738d473c6c8289e0e2af78e76be782ea5e432fdd5d04ba,cc_by_4_0_api_2026_08,high,2026-08-23 22:07:26.766016+00,
fe56552b-0d6a-4b7d-9382-4375cfadff5a,e45486d3-b2ff-4ac2-81c4-8ddc9d9389fc,"""A(PD)""",ca_san_jose.zoning_districts:sha256:eae7823a22e72537d5738d473c6c8289e0e2af78e76be782ea5e432fdd5d04ba,cc_by_4_0_api_2026_08,high,2026-08-23 22:07:26.766016+00,
fe6a935a-3add-4cb4-97ca-7cad1236a3d5,a634f31f-91a6-45a7-98f6-dc6dd1dcc8e8,"""A(PD)""",ca_san_jose.zoning_districts:sha256:eae7823a22e72537d5738d473c6c8289e0e2af78e76be782ea5e432fdd5d04ba,cc_by_4_0_api_2026_08,high,2026-08-23 22:07:26.766016+00,
fe87c1a7-ef18-4673-8b9b-f96cafa7828c,0d69fd5e-c17a-4bcc-bf19-0cae3a76d9f0,"""CN""",ca_san_jose.zoning_districts:sha256:eae7823a22e72537d5738d473c6c8289e0e2af78e76be782ea5e432fdd5d04ba,cc_by_4_0_api_2026_08,high,2026-08-23 22:07:26.766016+00,
fefb818c-a5b8-48df-9a58-a6c7b2d0ae55,ffa92e39-6ecc-43ab-8bfc-06a555862b5a,"""A(PD)""",ca_san_jose.zoning_districts:sha256:eae7823a22e72537d5738d473c6c8289e0e2af78e76be782ea5e432fdd5d04ba,cc_by_4_0_api_2026_08,high,2026-08-23 22:07:26.766016+00,
ff25dee8-9304-4c39-a4ac-85cab69875ce,e47192fc-0628-4543-994b-da1b2a0e7ec0,"""IP(PD)""",ca_san_jose.zoning_districts:sha256:eae7823a22e72537d5738d473c6c8289e0e2af78e76be782ea5e432fdd5d04ba,cc_by_4_0_api_2026_08,high,2026-08-23 22:07:26.766016+00,
ff266039-3b9b-4582-bb61-3c7d26e5124c,9a8e0983-7d07-457a-8cee-3ac89a7b5522,"""A(PD)""",ca_san_jose.zoning_districts:sha256:eae7823a22e72537d5738d473c6c8289e0e2af78e76be782ea5e432fdd5d04ba,cc_by_4_0_api_2026_08,high,2026-08-23 22:07:26.766016+00,
ff603d8e-8e7e-4153-aae9-72a1155f6046,d2d941ae-2855-4060-afc2-3ad321ca1a0b,"""R-1-5""",ca_san_jose.zoning_districts:sha256:eae7823a22e72537d5738d473c6c8289e0e2af78e76be782ea5e432fdd5d04ba,cc_by_4_0_api_2026_08,high,2026-08-23 22:07:26.766016+00,
fff7189c-a9d1-4674-9ff3-9c9a33ae9ae2,9403f4a5-eaf7-4207-b453-768f38724913,"""A(PD)""",ca_san_jose.zoning_districts:sha256:eae7823a22e72537d5738d473c6c8289e0e2af78e76be782ea5e432fdd5d04ba,cc_by_4_0_api_2026_08,high,2026-08-23 22:07:26.766016+00,
